id,runid,runid_sequence,vin,datetime,lon,lat,assoc_lon,assoc_lat,assoc_seg_id
0,1465,0,1HTWGAAT96J346882,6/1/2018 6:22,2678471.19,223734.909,2677936.97,224979.0119,220261
1,1465,1,1HTWGAAT96J346882,6/1/2018 6:22,2678470.459,223760.3982,2677936.97,224979.0119,220261
2,1465,2,1HTWGAAT96J346882,6/1/2018 6:24,2679005.751,223881.438,2679232.043,224340.2076,220261
3,1465,3,1HTWGAAT96J346882,6/1/2018 6:25,2679022.452,223983.9581,2679204.802,224353.6442,220261
4,1465,4,1HTWGAAT96J346882,6/1/2018 6:25,2679093.31,224350.4234,2679116.406,224397.2464,220261
5,1465,5,1HTWGAAT96J346882,6/1/2018 6:25,2679293.836,224305.1588,2679295.964,224309.6804,220261
6,1465,6,1HTWGAAT96J346882,6/1/2018 6:26,2679737.908,224084.6744,2679741.024,224090.9818,220261
7,1465,7,1HTWGAAT96J346882,6/1/2018 6:26,2680204.418,223864.8427,2680203.041,223862.0779,220261
8,1465,8,1HTWGAAT96J346882,6/1/2018 6:26,2680731.386,223592.0936,2680734.131,223597.6055,220261
9,1465,9,1HTWGAAT96J346882,6/1/2018 6:27,2681096.139,223398.5061,2681103.652,223413.5917,220261
10,1465,10,1HTWGAAT96J346882,6/1/2018 6:27,2681116.604,223369.9404,2681131.449,223399.7494,220261
11,1465,11,1HTWGAAT96J346882,6/1/2018 6:28,2681789.881,223571.543,2681784.853,223587.0849,220487
12,1465,12,1HTWGAAT96J346882,6/1/2018 6:28,2682145.722,223687.482,2682145.193,223689.4458,220487
13,1465,13,1HTWGAAT96J346882,6/1/2018 6:28,2682461.079,223747.5939,2682454.298,223772.7525,220487
14,1465,14,1HTWGAAT96J346882,6/1/2018 6:28,2682994.883,223919.6982,2682995.198,223918.53,220487
15,1465,15,1HTWGAAT96J346882,6/1/2018 6:29,2683571.578,224063.8981,2683569.073,224073.1945,221051
16,1465,16,1HTWGAAT96J346882,6/1/2018 6:29,2684125.732,224211.1045,2684124.265,224216.8069,221051
17,1465,17,1HTWGAAT96J346882,6/1/2018 6:29,2684819.432,224384.2263,2684816.671,224394.9556,221051
18,1465,18,1HTWGAAT96J346882,6/1/2018 6:29,2685114.305,224472.9345,2685115.542,224466.6685,220489
19,1465,19,1HTWGAAT96J346882,6/1/2018 6:30,2685215.237,224475.856,2685214.226,224484.0354,220486
20,1465,20,1HTWGAAT96J346882,6/1/2018 6:30,2685631.51,224538.9301,2685630.511,224545.1998,220484
21,1465,21,1HTWGAAT96J346882,6/1/2018 6:30,2686026.677,224652.4205,2686030.025,224640.1425,220408
22,1465,22,1HTWGAAT96J346882,6/1/2018 6:30,2686127.609,224655.3457,2686124.004,224666.8815,220408
23,1465,23,1HTWGAAT96J346882,6/1/2018 6:34,2686959.881,224887.2103,2686955.693,224903.4489,322483
24,1465,24,1HTWGAAT96J346882,6/1/2018 6:34,2687095.78,224942.175,2687096.408,224939.7403,322483
25,1465,25,1HTWGAAT96J346882,6/1/2018 6:34,2687315.681,225003.2236,2687316.705,224999.7491,322481
26,1465,26,1HTWGAAT96J346882,6/1/2018 6:34,2687493.633,225059.4115,2687495.678,225052.4681,322481
27,1465,27,1HTWGAAT96J346882,6/1/2018 6:34,2687493.633,225059.4115,2687495.678,225052.4681,322481
28,1465,28,1HTWGAAT96J346882,6/1/2018 6:44,2686887.636,225249.5491,2686882.192,225212.0615,321339
29,1465,29,1HTWGAAT96J346882,6/1/2018 6:44,2686788.771,225272.1912,2686782.839,225226.1855,322747
30,1465,30,1HTWGAAT96J346882,6/1/2018 6:44,2686347.128,225310.4034,2686343.572,225282.8203,323401
31,1465,31,1HTWGAAT96J346882,6/1/2018 6:45,2685923.379,225505.8488,2685910.16,225495.506,322811
32,1465,32,1HTWGAAT96J346882,6/1/2018 6:45,2685611.374,225912.2654,2685593.657,225898.4456,323397
33,1465,33,1HTWGAAT96J346882,6/1/2018 6:45,2685219.406,226367.3915,2685229.882,226374.8807,322805
34,1465,34,1HTWGAAT96J346882,6/1/2018 6:46,2684866.699,226823.6594,2684880.275,226834.4333,322804
35,1465,35,1HTWGAAT96J346882,6/1/2018 6:46,2684514.006,227279.9324,2684517.563,227282.8994,323427
36,1465,36,1HTWGAAT96J346882,6/1/2018 6:46,2684122.815,227709.5867,2684130.548,227716.3811,323546
37,1465,37,1HTWGAAT96J346882,6/1/2018 6:46,2683730.165,228190.2255,2683749.765,228205.4542,323544
38,1465,38,1HTWGAAT96J346882,6/1/2018 6:47,2683554.707,228728.1633,2683561.471,228727.8734,323545
39,1465,39,1HTWGAAT96J346882,6/1/2018 6:47,2683617.276,229378.663,2683638.155,229378.3034,322916
40,1465,40,1HTWGAAT96J346882,6/1/2018 6:47,2683662.676,229846.45,2683658.9,229847.0153,322942
41,1465,41,1HTWGAAT96J346882,6/1/2018 6:47,2683661.94,229871.9391,2683662.616,229871.838,322942
42,1465,42,1HTWGAAT96J346882,6/1/2018 6:48,2683661.204,229897.4282,2683666.331,229896.6606,322942
43,1465,43,1HTWGAAT96J346882,6/1/2018 6:48,2683752.329,230238.9846,2683740.531,230241.8473,322941
44,1465,44,1HTWGAAT96J346882,6/1/2018 6:49,2683749.383,230340.941,2683764.943,230336.8886,322941
45,1465,45,1HTWGAAT96J346882,6/1/2018 6:50,2683913.096,230888.6787,2683890.75,230894.3685,322765
46,1465,46,1HTWGAAT96J346882,6/1/2018 6:50,2683948.548,231020.8997,2683924.526,231027.0164,322765
47,1465,47,1HTWGAAT96J346882,6/1/2018 6:52,2684142.438,231882.9248,2684121.917,231887.6596,323648
48,1465,48,1HTWGAAT96J346882,6/1/2018 6:52,2684308.341,232354.1978,2684295.06,232359.4596,323647
49,1465,49,1HTWGAAT96J346882,6/1/2018 6:52,2684326.486,232405.7434,2684315.173,232410.2255,323647
50,1465,50,1HTWGAAT96J346882,6/1/2018 6:53,2683986.758,233095.6343,2683931.887,233070.1309,323494
51,1465,51,1HTWGAAT96J346882,6/1/2018 6:53,2683880.454,233376.8202,2683817.296,233364.5834,323494
52,1465,52,1HTWGAAT96J346882,6/1/2018 6:54,2684151.181,233617.8845,2684148.714,233621.8521,323495
53,1465,53,1HTWGAAT96J346882,6/1/2018 6:54,2684233.932,233569.2565,2684234.099,233569.3494,323622
54,1465,54,1HTWGAAT96J346882,6/1/2018 6:55,2684813.597,233505.8504,2684824.275,233480.8117,323621
55,1465,55,1HTWGAAT96J346882,6/1/2018 6:55,2685304.878,233782.4665,2685314.227,233767.8463,323621
56,1465,56,1HTWGAAT96J346882,6/1/2018 6:55,2685695.36,234052.5273,2685713.95,234023.4554,323620
57,1465,57,1HTWGAAT96J346882,6/1/2018 6:56,2686005.144,234396.7863,2686024.031,234381.3844,323490
58,1465,58,1HTWGAAT96J346882,6/1/2018 6:56,2686179.229,234584.0512,2686185.653,234578.6383,323490
59,1465,59,1HTWGAAT96J346882,6/1/2018 6:56,2686179.229,234584.0512,2686185.653,234578.6383,323490
60,1465,60,1HTWGAAT96J346882,6/1/2018 6:56,2686198.847,234584.6201,2686194.078,234588.6378,323490
61,1465,61,1HTWGAAT96J346882,6/1/2018 6:57,2685779.885,235297.7001,2685783.592,235294.5674,422359
62,1465,62,1HTWGAAT96J346882,6/1/2018 6:58,2685990.242,235588.057,2686014.365,235567.6736,423094
63,1465,63,1HTWGAAT96J346882,6/1/2018 6:58,2686061.953,235823.3746,2686079.549,235820.9492,423094
64,1465,64,1HTWGAAT96J346882,6/1/2018 6:58,2686060.475,235874.3526,2686086.417,235870.7768,423094
65,1465,65,1HTWGAAT96J346882,6/1/2018 6:59,2686060.475,235874.3526,2686086.417,235870.7768,423094
66,1465,66,1HTWGAAT96J346882,6/1/2018 6:59,2686106.29,236422.3338,2686158.103,236415.5939,422208
67,1465,67,1HTWGAAT96J346882,6/1/2018 7:00,2686106.29,236422.3338,2686158.103,236415.5939,422208
68,1465,68,1HTWGAAT96J346882,6/1/2018 7:00,2686191.594,236865.7741,2686203.087,236864.807,422207
69,1465,69,1HTWGAAT96J346882,6/1/2018 7:00,2686217.308,237332.997,2686252.891,237328.413,423353
70,1465,70,1HTWGAAT96J346882,6/1/2018 7:01,2686272.198,237567.8276,2686283.546,237566.3657,423354
71,1465,71,1HTWGAAT96J346882,6/1/2018 7:01,2686305.409,237776.519,2686313.069,237775.4336,421911
72,1465,72,1HTWGAAT96J346882,6/1/2018 7:01,2686297.17,238060.5396,2686292.933,238060.0572,421910
73,1465,73,1HTWGAAT96J346882,6/1/2018 7:01,2686248.963,238368.9113,2686250.408,238369.1187,421884
74,1465,74,1HTWGAAT96J346882,6/1/2018 7:02,2686199.172,238731.9025,2686198.365,238731.7867,421884
75,1465,75,1HTWGAAT96J346882,6/1/2018 7:02,2686176.017,238756.7414,2686194.406,238759.3802,421884
76,1465,76,1HTWGAAT96J346882,6/1/2018 7:03,2686076.545,239479.0828,2686072.61,239478.4192,421859
77,1465,77,1HTWGAAT96J346882,6/1/2018 7:03,2686029.821,239736.477,2686029.244,239736.3801,421858
78,1465,78,1HTWGAAT96J346882,6/1/2018 7:03,2686028.342,239787.455,2686016.78,239810.5928,421857
79,1465,79,1HTWGAAT96J346882,6/1/2018 7:04,2685906.463,240509.1472,2685894.764,240507.1237,421111
80,1465,80,1HTWGAAT96J346882,6/1/2018 7:04,2685858.897,240795.672,2685843.688,240792.8689,420454
81,1465,81,1HTWGAAT96J346882,6/1/2018 7:04,2685652.473,241048.4372,2685656.556,241024.3114,422501
82,1465,82,1HTWGAAT96J346882,6/1/2018 7:05,2685345.928,241272.7927,2685342.6,241272.1814,422152
83,1465,83,1HTWGAAT96J346882,6/1/2018 7:05,2685211.061,241862.9147,2685187.267,241854.8096,422347
84,1465,84,1HTWGAAT96J346882,6/1/2018 7:05,2684968.741,242581.1221,2684941.433,242571.8692,422347
85,1465,85,1HTWGAAT96J346882,6/1/2018 7:05,2684687.696,243378.3862,2684666.544,243371.2352,422347
86,1465,86,1HTWGAAT96J346882,6/1/2018 7:06,2684553.002,243866.4744,2684519.704,243869.0493,423229
87,1465,87,1HTWGAAT96J346882,6/1/2018 7:06,2684531.916,243916.885,2684510.259,243912.1378,423229
88,1465,88,1HTWGAAT96J346882,6/1/2018 7:06,2684531.916,243916.885,2684510.259,243912.1378,423229
89,1465,89,1HTWGAAT96J346882,6/1/2018 7:07,2685678.372,244314.5276,2685679.467,244323.2149,423380
90,1465,90,1HTWGAAT96J346882,6/1/2018 7:08,2686013.066,244375.2532,2686017.514,244371.2338,420032
91,1465,91,1HTWGAAT96J346882,6/1/2018 7:08,2686072.48,244453.5079,2686069.382,244454.8284,420032
92,1465,92,1HTWGAAT96J346882,6/1/2018 7:09,2686024.355,245436.0878,2685996.013,245456.3314,422273
93,1465,93,1HTWGAAT96J346882,6/1/2018 7:09,2686142.816,246088.2193,2686135.005,246089.3575,422273
94,1465,94,1HTWGAAT96J346882,6/1/2018 7:09,2686208.205,246636.7697,2686207.255,246636.8751,520379
95,1465,95,1HTWGAAT96J346882,6/1/2018 7:09,2686223.376,246790.2728,2686228.557,246789.5136,520329
96,1465,96,1HTWGAAT96J346882,6/1/2018 7:10,2686239.921,246896.4392,2686244.138,246895.821,520329
97,1465,97,1HTWGAAT96J346882,6/1/2018 7:10,2686285.96,247338.7422,2686306.301,247335.8168,520252
98,1465,98,1HTWGAAT96J346882,6/1/2018 7:10,2686305.41,247441.3486,2686321.153,247439.0845,520252
99,1465,99,1HTWGAAT96J346882,6/1/2018 7:10,2686325.018,247441.9176,2686321.63,247442.4048,520252
100,1465,100,1HTWGAAT96J346882,6/1/2018 7:11,2686472.685,248535.8662,2686471.59,248536.0158,520125
101,1465,101,1HTWGAAT96J346882,6/1/2018 7:11,2686487.853,248689.3695,2686492.189,248688.7889,520119
102,1465,102,1HTWGAAT96J346882,6/1/2018 7:12,2686680.694,248902.6962,2686681.988,248912.1173,521692
103,1465,103,1HTWGAAT96J346882,6/1/2018 7:12,2686801.133,248906.1934,2686799.724,248895.9383,521692
104,1465,104,1HTWGAAT96J346882,6/1/2018 7:13,2687280.252,248818.0693,2687281.807,248829.2615,520109
105,1465,105,1HTWGAAT96J346882,6/1/2018 7:13,2687439.164,248848.1982,2687445.713,248847.2105,521085
106,1465,106,1HTWGAAT96J346882,6/1/2018 7:13,2687488.986,249159.4172,2687489.727,249159.3217,520906
107,1465,107,1HTWGAAT96J346882,6/1/2018 7:13,2687505.36,249367.6218,2687516.424,249357.3208,520938
108,1465,108,1HTWGAAT96J346882,6/1/2018 7:14,2687255.492,249670.1306,2687257.258,249671.2698,520092
109,1465,109,1HTWGAAT96J346882,6/1/2018 7:14,2687152.173,249849.3465,2687145.258,249844.8856,520092
110,1465,110,1HTWGAAT96J346882,6/1/2018 7:14,2687067.141,249978.0731,2687064.488,249976.6803,520074
111,1465,111,1HTWGAAT96J346882,6/1/2018 7:15,2687003.882,250129.2986,2686988.581,250121.2657,520074
112,1465,112,1HTWGAAT96J346882,6/1/2018 7:15,2686813.317,250513.7101,2686813.051,250513.5826,520054
113,1465,113,1HTWGAAT96J346882,6/1/2018 7:15,2686811.836,250564.6882,2686792.883,250555.5882,520054
114,1465,114,1HTWGAAT96J346882,6/1/2018 7:16,2686469.932,251334.6539,2686469.977,251334.6717,520033
115,1465,115,1HTWGAAT96J346882,6/1/2018 7:16,2686404.354,251565.9893,2686393.221,251562.7772,520029
116,1465,116,1HTWGAAT96J346882,6/1/2018 7:16,2686324.035,252208.7096,2686310.4,252208.3406,520655
117,1465,117,1HTWGAAT96J346882,6/1/2018 7:17,2686311.247,252649.3059,2686299.546,252649.3571,521317
118,1465,118,1HTWGAAT96J346882,6/1/2018 7:17,2686434.675,253225.0532,2686430.037,253226.3136,521317
119,1465,119,1HTWGAAT96J346882,6/1/2018 7:17,2686451.319,253327.5785,2686456.339,253326.2875,521317
120,1465,120,1HTWGAAT96J346882,6/1/2018 7:17,2686470.922,253328.1476,2686457.692,253331.5494,521317
121,1465,121,1HTWGAAT96J346882,6/1/2018 7:18,2686522.699,253668.5763,2686531.675,253669.5268,521381
122,1465,122,1HTWGAAT96J346882,6/1/2018 7:18,2686363.971,254309.0201,2686367.554,254312.8455,521318
123,1465,123,1HTWGAAT96J346882,6/1/2018 7:18,2686305.213,254981.5213,2686278.842,254979.3136,521318
124,1465,124,1HTWGAAT96J346882,6/1/2018 7:19,2686259.986,255187.9371,2686241.909,255182.8739,520003
125,1465,125,1HTWGAAT96J346882,6/1/2018 7:19,2686237.584,255187.2869,2686240.448,255188.0891,520003
126,1465,126,1HTWGAAT96J346882,6/1/2018 7:23,2686290.944,255473.0958,2686290.88,255472.6499,621183
127,1465,127,1HTWGAAT96J346882,6/1/2018 7:23,2686389.69,255450.4517,2686390.808,255458.163,621183
128,1465,128,1HTWGAAT96J346882,6/1/2018 7:27,2686733.694,255281.867,2686735.901,255281.5783,621206
129,1465,129,1HTWGAAT96J346882,6/1/2018 7:27,2686735.28,255227.2476,2686728.904,255228.0817,621206
130,1465,130,1HTWGAAT96J346882,6/1/2018 7:31,2686670.41,254758.8852,2686667.919,254759.2368,520015
131,1465,131,1HTWGAAT96J346882,6/1/2018 7:31,2686650.808,254758.316,2686667.458,254755.9668,520015
132,1465,132,1HTWGAAT96J346882,6/1/2018 7:33,2686381.987,254364.2085,2686377.767,254364.8509,521649
133,1465,133,1HTWGAAT96J346882,6/1/2018 7:33,2686417.492,254492.7919,2686397.702,254495.8044,521649
134,1465,134,1HTWGAAT96J346882,6/1/2018 7:38,2686430.328,254726.4036,2686432.749,254726.0351,521649
135,1465,135,1HTWGAAT96J346882,6/1/2018 7:38,2686430.328,254726.4036,2686432.749,254726.0351,521649
136,1465,136,1HTWGAAT96J346882,6/1/2018 7:48,2686515.279,255275.5242,2686511.317,255276.0737,520004
137,1465,137,1HTWGAAT96J346882,6/1/2018 7:49,2686494.937,255300.4441,2686514.324,255297.7555,520004
138,1465,138,1HTWGAAT96J346882,6/1/2018 7:52,2686236.104,255238.265,2686227.101,255235.7431,520003
139,1465,139,1HTWGAAT96J346882,6/1/2018 7:52,2686340.611,255113.7458,2686331.295,255068.9021,520005
140,1465,140,1HTWGAAT96J346882,6/1/2018 7:54,2686443.639,255040.2051,2686444.706,255045.341,520005
141,1465,141,1HTWGAAT96J346882,6/1/2018 7:54,2686482.842,255041.3433,2686481.902,255037.4861,521645
142,1465,142,1HTWGAAT96J346882,6/1/2018 8:00,2686906.845,254820.4181,2686899.135,254787.9411,520013
143,1465,143,1HTWGAAT96J346882,6/1/2018 8:00,2686746.491,254841.2708,2686742.175,254808.813,520013
144,1465,144,1HTWGAAT96J346882,6/1/2018 8:04,2686481.362,255092.3214,2686485.749,255091.713,520004
145,1465,145,1HTWGAAT96J346882,6/1/2018 8:04,2686513.798,255326.5023,2686518.225,255325.8884,520004
146,1465,146,1HTWGAAT96J346882,6/1/2018 8:04,2686812.678,255360.6928,2686817.65,255398.7639,621185
147,1465,147,1HTWGAAT96J346882,6/1/2018 8:04,2686831.539,255386.7512,2686832.849,255396.779,621185
148,1465,148,1HTWGAAT96J346882,6/1/2018 8:06,2686976.098,255234.2432,2686960.943,255236.517,621203
149,1465,149,1HTWGAAT96J346882,6/1/2018 8:06,2686976.838,255208.7541,2686957.219,255211.6979,621203
150,1465,150,1HTWGAAT96J346882,6/1/2018 8:12,2687141.163,254954.7791,2687150.046,254953.5783,520008
151,1465,151,1HTWGAAT96J346882,6/1/2018 8:12,2687141.163,254954.7791,2687150.046,254953.5783,520008
152,1465,152,1HTWGAAT96J346882,6/1/2018 8:20,2687211.786,255321.268,2687196.006,255347.7776,621186
153,1465,153,1HTWGAAT96J346882,6/1/2018 8:21,2687270.59,255322.9772,2687272.568,255336.9236,621188
154,1465,154,1HTWGAAT96J346882,6/1/2018 8:27,2687363.122,254935.7198,2687359.535,254936.2361,520010
155,1465,155,1HTWGAAT96J346882,6/1/2018 8:27,2687363.863,254910.2308,2687355.955,254911.3689,520010
156,1465,156,1HTWGAAT96J346882,6/1/2018 8:29,2687765.309,254790.7066,2687807.617,254784.7199,521596
157,1465,157,1HTWGAAT96J346882,6/1/2018 8:29,2687784.911,254791.2767,2687808.081,254787.9981,521596
158,1465,158,1HTWGAAT96J346882,6/1/2018 8:34,2687597.33,255073.7263,2687610.318,255071.8831,621211
159,1465,159,1HTWGAAT96J346882,6/1/2018 8:34,2687596.589,255099.2153,2687613.849,255096.7657,621211
160,1465,160,1HTWGAAT96J346882,6/1/2018 8:39,2687710.962,255310.2704,2687706.606,255275.8162,621190
161,1465,161,1HTWGAAT96J346882,6/1/2018 8:39,2687750.164,255311.4106,2687745.05,255270.9561,621190
162,1465,162,1HTWGAAT96J346882,6/1/2018 8:44,2687967.093,254694.5341,2688002.65,254689.7541,521325
163,1465,163,1HTWGAAT96J346882,6/1/2018 8:44,2688004.814,254746.6527,2688010.202,254745.9284,521325
164,1465,164,1HTWGAAT96J346882,6/1/2018 8:46,2688061.864,254905.0205,2688032.126,254909.0181,521325
165,1465,165,1HTWGAAT96J346882,6/1/2018 8:47,2688061.122,254930.5095,2688035.479,254933.9567,521325
166,1465,166,1HTWGAAT96J346882,6/1/2018 8:54,2687990.511,255238.2262,2687990.371,255237.2859,621191
167,1465,167,1HTWGAAT96J346882,6/1/2018 8:54,2688010.113,255238.7965,2688009.461,255234.4342,621191
168,1465,168,1HTWGAAT96J346882,6/1/2018 9:00,2688219.419,254884.0949,2688210.022,254885.3418,520609
169,1465,169,1HTWGAAT96J346882,6/1/2018 9:00,2688200.559,254858.0354,2688206.298,254857.2739,520609
170,1465,170,1HTWGAAT96J346882,6/1/2018 9:02,2688074.684,255138.6331,2688063.202,255140.1767,521325
171,1465,171,1HTWGAAT96J346882,6/1/2018 9:03,2688073.201,255189.6111,2688069.907,255190.0539,521325
172,1465,172,1HTWGAAT96J346882,6/1/2018 9:03,2687880.429,255650.4815,2687879.932,255646.7921,621198
173,1465,173,1HTWGAAT96J346882,6/1/2018 9:04,2687860.827,255649.9113,2687860.755,255649.3726,621198
174,1465,174,1HTWGAAT96J346882,6/1/2018 9:06,2687680.876,255670.1877,2687681.324,255673.517,621198
175,1465,175,1HTWGAAT96J346882,6/1/2018 9:06,2687680.876,255670.1877,2687681.324,255673.517,621198
176,1465,176,1HTWGAAT96J346882,6/1/2018 9:13,2687809.816,255283.9907,2687807.175,255263.1024,621190
177,1465,177,1HTWGAAT96J346882,6/1/2018 9:14,2687849.76,255259.642,2687849.521,255257.7491,621190
178,1465,178,1HTWGAAT96J346882,6/1/2018 9:14,2687842.981,255492.6843,2687842.394,255488.3584,621195
179,1465,179,1HTWGAAT96J346882,6/1/2018 9:14,2687823.38,255492.1142,2687823.223,255490.9602,621195
180,1465,180,1HTWGAAT96J346882,6/1/2018 9:21,2687423.426,255560.6594,2687439.519,255543.0351,621187
181,1465,181,1HTWGAAT96J346882,6/1/2018 9:21,2687500.925,255690.4654,2687459.83,255685.4469,621294
182,1465,182,1HTWGAAT96J346882,6/1/2018 9:22,2687902.996,255549.0957,2687913.908,255547.6661,621197
183,1465,183,1HTWGAAT96J346882,6/1/2018 9:22,2687872.162,255260.2937,2687874.677,255254.5688,621191
184,1465,184,1HTWGAAT96J346882,6/1/2018 9:23,2687751.012,255282.2803,2687749.509,255270.3925,621190
185,1465,185,1HTWGAAT96J346882,6/1/2018 9:23,2687731.41,255281.7102,2687730.287,255272.8225,621190
186,1465,186,1HTWGAAT96J346882,6/1/2018 9:27,2687187.74,255473.6325,2687205.464,255471.2891,621293
187,1465,187,1HTWGAAT96J346882,6/1/2018 9:27,2687205.013,255554.3105,2687216.245,255552.8256,621293
188,1465,188,1HTWGAAT96J346882,6/1/2018 9:30,2687428.719,255378.595,2687420.554,255379.5421,621187
189,1465,189,1HTWGAAT96J346882,6/1/2018 9:30,2687190.704,255371.6764,2687187.567,255348.9418,621186
190,1465,190,1HTWGAAT96J346882,6/1/2018 9:30,2687151.501,255370.5371,2687149.251,255354.2276,621186
191,1465,191,1HTWGAAT96J346882,6/1/2018 9:31,2687089.897,255368.7469,2687089.04,255362.534,621186
192,1465,192,1HTWGAAT96J346882,6/1/2018 9:35,2687060.561,255703.1759,2687061.892,255687.6232,621541
193,1465,193,1HTWGAAT96J346882,6/1/2018 9:36,2687220.17,255707.8143,2687220.734,255701.2141,621541
194,1465,194,1HTWGAAT96J346882,6/1/2018 9:36,2686928.805,255415.0873,2686924.845,255384.7645,621185
195,1465,195,1HTWGAAT96J346882,6/1/2018 9:37,2686909.944,255389.0289,2686909.647,255386.7494,621185
196,1465,196,1HTWGAAT96J346882,6/1/2018 9:40,2686650.847,255432.5241,2686649.327,255421.5007,621184
197,1465,197,1HTWGAAT96J346882,6/1/2018 9:40,2686650.847,255432.5241,2686649.327,255421.5007,621184
198,1465,198,1HTWGAAT96J346882,6/1/2018 9:44,2686067.987,255623.3326,2686062.631,255616.9892,621427
199,1465,199,1HTWGAAT96J346882,6/1/2018 9:45,2686067.987,255623.3326,2686062.631,255616.9892,621427
200,1465,200,1HTWGAAT96J346882,6/1/2018 9:49,2686069.466,255572.3545,2686088.911,255586.1053,621181
201,1465,201,1HTWGAAT96J346882,6/1/2018 9:49,2686089.807,255547.4342,2686107.44,255559.9038,621181
202,1465,202,1HTWGAAT96J346882,6/1/2018 9:50,2687190.704,255371.6764,2687194.744,255371.8879,621293
203,1465,203,1HTWGAAT96J346882,6/1/2018 9:50,2687208.823,255423.2241,2687199.276,255424.4864,621293
204,1465,204,1HTWGAAT96J346882,6/1/2018 9:50,2687189.222,255422.6544,2687198.865,255421.3794,621293
205,1465,205,1HTWGAAT96J346882,6/1/2018 9:51,2686900.953,255698.5385,2686902.876,255671.6046,621542
206,1465,206,1HTWGAAT96J346882,6/1/2018 9:51,2686882.092,255672.4801,2686882.26,255670.132,621542
207,1465,207,1HTWGAAT96J346882,6/1/2018 9:57,2686526.633,255560.1141,2686548.897,255575.3406,621180
208,1465,208,1HTWGAAT96J346882,6/1/2018 9:58,2686545.494,255586.1723,2686542.766,255584.3063,621180
209,1465,209,1HTWGAAT96J346882,6/1/2018 10:01,2686929.546,255389.5983,2686928.846,255384.242,621185
210,1465,210,1HTWGAAT96J346882,6/1/2018 10:01,2687371.397,255325.9074,2687370.981,255322.9718,621188
211,1465,211,1HTWGAAT96J346882,6/1/2018 10:02,2687692.208,255280.57,2687691.843,255277.6826,621190
212,1465,212,1HTWGAAT96J346882,6/1/2018 10:02,2688150.123,255242.8707,2688146.581,255215.4173,621192
213,1465,213,1HTWGAAT96J346882,6/1/2018 10:02,2688432.369,255174.5543,2688432.696,255176.9307,621194
214,1465,214,1HTWGAAT96J346882,6/1/2018 10:02,2688412.768,255173.9837,2688413.537,255179.5694,621194
215,1465,215,1HTWGAAT96J346882,6/1/2018 10:16,2688930.233,255112.5218,2688929.676,255108.2866,620239
216,1465,216,1HTWGAAT96J346882,6/1/2018 10:17,2689051.491,255086.8997,2689052.185,255092.1695,620239
217,1465,217,1HTWGAAT96J346882,6/1/2018 10:17,2689692.914,255003.5552,2689680.794,255006.1996,620242
218,1465,218,1HTWGAAT96J346882,6/1/2018 10:17,2690131.981,254939.8319,2690132.165,254941.6986,620245
219,1465,219,1HTWGAAT96J346882,6/1/2018 10:18,2690331.542,254920.1455,2690357.73,254912.5961,620247
220,1465,220,1HTWGAAT96J346882,6/1/2018 10:18,2690911.475,254831.3932,2690911.702,254833.3161,620250
221,1465,221,1HTWGAAT96J346882,6/1/2018 10:18,2690953.479,254832.6203,2690952.988,254828.4548,620250
222,1465,222,1HTWGAAT96J346882,6/1/2018 10:19,2691352.604,254793.2624,2691349.876,254773.0056,620252
223,1465,223,1HTWGAAT96J346882,6/1/2018 10:20,2691368.48,254921.2798,2691367.792,254920.8605,621217
224,1465,224,1HTWGAAT96J346882,6/1/2018 10:20,2691097.984,255354.3445,2691099.514,255355.2746,621234
225,1465,225,1HTWGAAT96J346882,6/1/2018 10:20,2690807.329,255710.291,2690801.785,255693.4315,620264
226,1465,226,1HTWGAAT96J346882,6/1/2018 10:21,2690728.925,255708.001,2690731.712,255716.4758,620264
227,1465,227,1HTWGAAT96J346882,6/1/2018 10:21,2690728.925,255708.001,2690731.712,255716.4758,620264
228,1465,228,1HTWGAAT96J346882,6/1/2018 10:26,2690304.332,255852.3121,2690305.749,255856.6093,620263
229,1465,229,1HTWGAAT96J346882,6/1/2018 10:27,2690303.588,255877.801,2690297.499,255859.329,620263
230,1465,230,1HTWGAAT96J346882,6/1/2018 10:32,2690557.94,256092.9563,2690563.754,256077.9139,620305
231,1465,231,1HTWGAAT96J346882,6/1/2018 10:32,2690577.541,256093.5286,2690581,256084.5797,620305
232,1465,232,1HTWGAAT96J346882,6/1/2018 10:36,2690465.535,255802.3523,2690466.027,255803.8497,620264
233,1465,233,1HTWGAAT96J346882,6/1/2018 10:37,2690424.738,255855.8269,2690423.83,255858.0493,620306
234,1465,234,1HTWGAAT96J346882,6/1/2018 10:37,2690462.452,255907.9493,2690474.398,255878.7114,620306
235,1465,235,1HTWGAAT96J346882,6/1/2018 10:38,2690442.851,255907.377,2690457.401,255871.7665,620306
236,1465,236,1HTWGAAT96J346882,6/1/2018 10:43,2691033.294,255458.1413,2691036,255459.7854,621234
237,1465,237,1HTWGAAT96J346882,6/1/2018 10:43,2691201.205,255178.7862,2691205.271,255181.2571,621234
238,1465,238,1HTWGAAT96J346882,6/1/2018 10:44,2691221.658,255150.2289,2691223.461,255151.3251,621234
239,1465,239,1HTWGAAT96J346882,6/1/2018 10:51,2691005.475,255067.3798,2691010.188,255066.6853,620316
240,1465,240,1HTWGAAT96J346882,6/1/2018 10:51,2691006.22,255041.8908,2691006.771,255041.818,620317
241,1465,241,1HTWGAAT96J346882,6/1/2018 11:02,2690933.877,254832.0476,2690979.21,254826.2734,620317
242,1465,242,1HTWGAAT96J346882,6/1/2018 11:02,2690992.682,254833.7656,2690980.364,254835.3346,620317
243,1465,243,1HTWGAAT96J346882,6/1/2018 11:07,2690865.464,255063.2895,2690849.922,255065.433,621244
244,1465,244,1HTWGAAT96J346882,6/1/2018 11:08,2690865.464,255063.2895,2690849.922,255065.433,621244
245,1465,245,1HTWGAAT96J346882,6/1/2018 11:13,2690697.557,255342.6469,2690694.505,255331.8633,620311
246,1465,246,1HTWGAAT96J346882,6/1/2018 11:14,2690717.903,255317.7304,2690719.871,255324.6844,620311
247,1465,247,1HTWGAAT96J346882,6/1/2018 11:19,2690799.853,255294.6133,2690800.944,255297.7028,620312
248,1465,248,1HTWGAAT96J346882,6/1/2018 11:19,2690759.906,255318.9572,2690757.782,255312.9446,620312
249,1465,249,1HTWGAAT96J346882,6/1/2018 11:23,2690593.559,254873.1294,2690593.948,254875.8517,620248
250,1465,250,1HTWGAAT96J346882,6/1/2018 11:24,2690530.359,254925.9497,2690533.949,254925.4818,621239
251,1465,251,1HTWGAAT96J346882,6/1/2018 11:34,2690638.009,255366.4185,2690591.358,255361.0558,620310
252,1465,252,1HTWGAAT96J346882,6/1/2018 11:35,2690699.046,255291.6691,2690709.241,255327.6928,620311
253,1465,253,1HTWGAAT96J346882,6/1/2018 11:36,2690573.213,254898.0459,2690570.516,254879.2058,620248
254,1465,254,1HTWGAAT96J346882,6/1/2018 11:36,2690471.554,254924.2328,2690466.884,254895.0998,620247
255,1465,255,1HTWGAAT96J346882,6/1/2018 11:44,2690405.201,255181.0466,2690390.59,255183.0438,621238
256,1465,256,1HTWGAAT96J346882,6/1/2018 11:45,2690404.457,255206.5355,2690393.997,255207.9654,621238
257,1465,257,1HTWGAAT96J346882,6/1/2018 11:52,2690699.046,255291.6691,2690738.447,255285.6681,621242
258,1465,258,1HTWGAAT96J346882,6/1/2018 11:52,2690726.198,255033.7111,2690704.727,255036.4539,621242
259,1465,259,1HTWGAAT96J346882,6/1/2018 11:53,2690432.35,254923.0883,2690428.841,254901.1976,620247
260,1465,260,1HTWGAAT96J346882,6/1/2018 11:53,2690311.196,254945.0623,2690307.738,254919.3086,620246
261,1465,261,1HTWGAAT96J346882,6/1/2018 11:56,2690207.981,255120.6243,2690172.225,255120.6243,621241
262,1465,262,1HTWGAAT96J346882,6/1/2018 11:57,2690207.981,255120.6243,2690172.225,255120.6243,621241
263,1465,263,1HTWGAAT96J346882,6/1/2018 12:03,2690219.931,255383.3682,2690206.577,255385.155,621241
264,1465,264,1HTWGAAT96J346882,6/1/2018 12:04,2690220.781,255354.238,2690202.763,255356.6489,621241
265,1465,265,1HTWGAAT96J346882,6/1/2018 12:08,2689990.482,254986.7245,2689981.705,254987.8812,621243
266,1465,266,1HTWGAAT96J346882,6/1/2018 12:08,2689829.382,255033.0461,2689823.18,255033.7528,621237
267,1465,267,1HTWGAAT96J346882,6/1/2018 12:12,2689862.357,255343.7799,2689858.558,255344.2127,621237
268,1465,268,1HTWGAAT96J346882,6/1/2018 12:12,2689862.357,255343.7799,2689858.558,255344.2127,621237
269,1465,269,1HTWGAAT96J346882,6/1/2018 12:21,2690059.576,255404.1994,2690039.097,255408.4087,621243
270,1465,270,1HTWGAAT96J346882,6/1/2018 12:21,2690059.576,255404.1994,2690039.097,255408.4087,621243
271,1465,271,1HTWGAAT96J346882,6/1/2018 12:29,2689790.922,255006.4136,2689788.26,254989.3922,620243
272,1465,272,1HTWGAAT96J346882,6/1/2018 12:29,2689610.964,255026.676,2689609.497,255016.8364,620242
273,1465,273,1HTWGAAT96J346882,6/1/2018 12:30,2689425.699,255229.0036,2689437.476,255227.3269,621523
274,1465,274,1HTWGAAT96J346882,6/1/2018 12:30,2689425.699,255229.0036,2689437.476,255227.3269,621523
275,1465,275,1HTWGAAT96J346882,6/1/2018 12:39,2689656.747,255571.0229,2689644.502,255572.7072,621524
276,1465,276,1HTWGAAT96J346882,6/1/2018 12:39,2689657.49,255545.534,2689641.075,255547.7918,621524
277,1465,277,1HTWGAAT96J346882,6/1/2018 12:47,2689470.21,255048.0825,2689468.664,255037.419,620241
278,1465,278,1HTWGAAT96J346882,6/1/2018 12:47,2689332.256,255069.5715,2689330.531,255056.0086,620240
279,1465,279,1HTWGAAT96J346882,6/1/2018 12:51,2689264.602,255275.3288,2689252.935,255276.9075,621240
280,1465,280,1HTWGAAT96J346882,6/1/2018 12:51,2689263.859,255300.8178,2689256.309,255301.8394,621240
281,1465,281,1HTWGAAT96J346882,6/1/2018 12:54,2689825.336,255940.3777,2689818.823,255949.6695,621875
282,1465,282,1HTWGAAT96J346882,6/1/2018 12:54,2689844.937,255940.9494,2689832.236,255959.0703,621875
283,1465,283,1HTWGAAT96J346882,6/1/2018 12:54,2690143.237,255898.6316,2690146.672,255909.0498,620263
284,1465,284,1HTWGAAT96J346882,6/1/2018 12:55,2690666.577,255731.6908,2690668.419,255737.2905,620264
285,1465,285,1HTWGAAT96J346882,6/1/2018 12:55,2690887.222,255661.6035,2690917.04,255655.5283,621234
286,1465,286,1HTWGAAT96J346882,6/1/2018 12:55,2691242.004,255125.3128,2691240.007,255124.0994,621234
287,1465,287,1HTWGAAT96J346882,6/1/2018 12:56,2691409.919,254845.9591,2691412.484,254847.5221,621217
288,1465,288,1HTWGAAT96J346882,6/1/2018 12:56,2691410.664,254820.4702,2691424.012,254828.6043,621217
289,1465,289,1HTWGAAT96J346882,6/1/2018 12:57,2691032.63,254809.4221,2691033.794,254817.4068,620251
290,1465,290,1HTWGAAT96J346882,6/1/2018 12:57,2691012.284,254834.3383,2690979.097,254825.3807,620250
291,1465,291,1HTWGAAT96J346882,6/1/2018 12:58,2690550.811,254897.3918,2690528.7,254885.1913,520621
292,1465,292,1HTWGAAT96J346882,6/1/2018 12:58,2690499.554,254637.1444,2690494.454,254637.8505,520621
293,1465,293,1HTWGAAT96J346882,6/1/2018 12:58,2690467.898,254377.4693,2690458.581,254378.7592,520621
294,1465,294,1HTWGAAT96J346882,6/1/2018 12:59,2690452.016,254249.4524,2690439.996,254251.3122,520637
295,1465,295,1HTWGAAT96J346882,6/1/2018 12:59,2690367.892,253674.8294,2690359.116,253676.0187,520641
296,1465,296,1HTWGAAT96J346882,6/1/2018 13:00,2690336.232,253415.1546,2690323.99,253416.8136,520641
297,1465,297,1HTWGAAT96J346882,6/1/2018 13:00,2690321.943,253232.5187,2690299.428,253235.5698,520641
298,1465,298,1HTWGAAT96J346882,6/1/2018 13:00,2690288.795,253023.8217,2690271.047,253026.2279,521837
299,1465,299,1HTWGAAT96J346882,6/1/2018 13:01,2690271.423,252946.7828,2690260.477,252948.2669,521837
300,1465,300,1HTWGAAT96J346882,6/1/2018 13:01,2690250.507,252895.1511,2690253.226,252894.7825,521837
301,1465,301,1HTWGAAT96J346882,6/1/2018 13:02,2690518.498,252644.2227,2690516.411,252627.9469,520634
302,1465,302,1HTWGAAT96J346882,6/1/2018 13:02,2690659.267,252622.8221,2690674.15,252607.7191,521862
303,1465,303,1HTWGAAT96J346882,6/1/2018 13:15,2690726.41,253011.0869,2690725.687,253011.1792,521834
304,1465,304,1HTWGAAT96J346882,6/1/2018 13:15,2690725.665,253036.5758,2690728.879,253036.1653,521834
305,1465,305,1HTWGAAT96J346882,6/1/2018 13:23,2690791.671,253559.6496,2690802.969,253557.9983,520618
306,1465,306,1HTWGAAT96J346882,6/1/2018 13:24,2690791.671,253559.6496,2690802.969,253557.9983,520618
307,1465,307,1HTWGAAT96J346882,6/1/2018 13:30,2690903.255,254441.2044,2690923.804,254438.2693,520615
308,1465,308,1HTWGAAT96J346882,6/1/2018 13:30,2690955.713,254756.1536,2690968.939,254754.2644,520615
309,1465,309,1HTWGAAT96J346882,6/1/2018 13:30,2690954.968,254781.6425,2690972.492,254779.1395,520615
310,1465,310,1HTWGAAT96J346882,6/1/2018 13:37,2690674.198,254798.9522,2690674.152,254798.9583,521598
311,1465,311,1HTWGAAT96J346882,6/1/2018 13:37,2690674.198,254798.9522,2690674.152,254798.9583,521598
312,1465,312,1HTWGAAT96J346882,6/1/2018 13:41,2690572.712,254147.2893,2690587.064,254145.2825,521780
313,1465,313,1HTWGAAT96J346882,6/1/2018 13:41,2690573.457,254121.8004,2690583.583,254120.3844,521780
314,1465,314,1HTWGAAT96J346882,6/1/2018 13:44,2690550.837,253552.6169,2690505.721,253558.7638,521340
315,1465,315,1HTWGAAT96J346882,6/1/2018 13:45,2690501.171,253237.7504,2690462.699,253242.992,521340
316,1465,316,1HTWGAAT96J346882,6/1/2018 13:45,2690447.57,253057.6112,2690437.447,253059.004,521341
317,1465,317,1HTWGAAT96J346882,6/1/2018 13:45,2690428.993,252925.8713,2690419.313,252927.2031,521341
318,1465,318,1HTWGAAT96J346882,6/1/2018 13:46,2690578.053,252620.4508,2690578.001,252620.0488,520634
319,1465,319,1HTWGAAT96J346882,6/1/2018 13:47,2690675.894,252725.3502,2690688.963,252723.6808,521834
320,1465,320,1HTWGAAT96J346882,6/1/2018 13:47,2690723.326,253116.6838,2690738.91,253114.6931,521834
321,1465,321,1HTWGAAT96J346882,6/1/2018 13:47,2690758.81,253245.2733,2690757.293,253245.4951,520618
322,1465,322,1HTWGAAT96J346882,6/1/2018 13:48,2690809.784,253611.2,2690810.725,253611.0626,520618
323,1465,323,1HTWGAAT96J346882,6/1/2018 13:48,2690808.295,253662.1778,2690817.989,253660.7611,520618
324,1465,324,1HTWGAAT96J346882,6/1/2018 13:48,2691089.257,253542.8322,2691101.017,253541.1559,521602
325,1465,325,1HTWGAAT96J346882,6/1/2018 13:49,2691040.342,253202.4757,2691052.497,253200.7432,521602
326,1465,326,1HTWGAAT96J346882,6/1/2018 13:49,2691014.008,252760.7363,2690990.056,252764.0306,520727
327,1465,327,1HTWGAAT96J346882,6/1/2018 13:49,2690978.064,252551.9567,2690961.145,252554.3724,521867
328,1465,328,1HTWGAAT96J346882,6/1/2018 13:50,2690928.294,252240.7306,2690916.6,252242.4002,521867
329,1465,329,1HTWGAAT96J346882,6/1/2018 13:50,2690914.753,252032.6054,2690887.207,252036.5385,521867
330,1465,330,1HTWGAAT96J346882,6/1/2018 13:50,2690755.12,252027.9432,2690752.33,252006.2151,520780
331,1465,331,1HTWGAAT96J346882,6/1/2018 13:51,2690156.369,252086.9969,2690155.808,252082.5686,520778
332,1465,332,1HTWGAAT96J346882,6/1/2018 13:51,2689795.561,252156.6478,2689792.471,252133.5282,521861
333,1465,333,1HTWGAAT96J346882,6/1/2018 13:52,2689353.646,252220.2954,2689350.294,252197.7067,521925
334,1465,334,1HTWGAAT96J346882,6/1/2018 13:52,2688915.276,252258.5434,2688915.083,252257.1616,520775
335,1465,335,1HTWGAAT96J346882,6/1/2018 13:52,2688817.426,252153.651,2688824.585,252152.6795,520647
336,1465,336,1HTWGAAT96J346882,6/1/2018 13:52,2688771.446,251711.3431,2688763.046,251712.5048,520650
337,1465,337,1HTWGAAT96J346882,6/1/2018 13:53,2688686.423,251165.8562,2688688.09,251165.6277,520651
338,1465,338,1HTWGAAT96J346882,6/1/2018 13:53,2688621.574,250697.4888,2688621.121,250697.5538,520652
339,1465,339,1HTWGAAT96J346882,6/1/2018 13:53,2688590.739,250408.686,2688580.954,250410.0469,520919
340,1465,340,1HTWGAAT96J346882,6/1/2018 13:53,2688573.36,250331.6483,2688570.113,250332.0999,520919
341,1465,341,1HTWGAAT96J346882,6/1/2018 13:54,2688489.068,249760.6731,2688493.717,249761.0831,521454
342,1465,342,1HTWGAAT96J346882,6/1/2018 13:54,2688441.591,249369.3439,2688437.926,249369.8171,520922
343,1465,343,1HTWGAAT96J346882,6/1/2018 13:54,2688391.311,248977.9332,2688384.671,248978.8825,520925
344,1465,344,1HTWGAAT96J346882,6/1/2018 13:55,2688475.505,248878.3415,2688475.675,248879.5838,520878
345,1465,345,1HTWGAAT96J346882,6/1/2018 13:55,2688874.721,248838.9436,2688872.668,248825.5009,520881
346,1465,346,1HTWGAAT96J346882,6/1/2018 13:55,2689215.224,248794.1969,2689213.787,248781.6465,520882
347,1465,347,1HTWGAAT96J346882,6/1/2018 13:56,2689561.673,248545.5435,2689582.462,248515.4483,521401
348,1465,348,1HTWGAAT96J346882,6/1/2018 13:56,2689405.732,248413.4452,2689415.122,248399.8531,521401
349,1465,349,1HTWGAAT96J346882,6/1/2018 13:56,2689405.732,248413.4452,2689415.122,248399.8531,521401
350,1465,350,1HTWGAAT96J346882,6/1/2018 13:58,2689074.346,248145.0392,2689077.746,248141.2887,521401
351,1465,351,1HTWGAAT96J346882,6/1/2018 13:58,2688979.386,248036.5865,2688971.655,248045.1152,521401
352,1465,352,1HTWGAAT96J346882,6/1/2018 13:59,2688432.748,247554.1919,2688434.488,247552.2762,521129
353,1465,353,1HTWGAAT96J346882,6/1/2018 13:59,2688219.561,247365.77,2688223.908,247360.9846,521129
354,1465,354,1HTWGAAT96J346882,6/1/2018 14:00,2688219.561,247365.77,2688223.908,247360.9846,521129
355,1465,355,1HTWGAAT96J346882,6/1/2018 14:01,2687908.497,247072.4611,2687908.093,247072.8914,520308
356,1465,356,1HTWGAAT96J346882,6/1/2018 14:01,2687599.485,246804.7266,2687610.053,246793.4543,520308
357,1465,357,1HTWGAAT96J346882,6/1/2018 14:01,2687300.502,246770.5266,2687303.43,246790.349,521403
358,1465,358,1HTWGAAT96J346882,6/1/2018 14:02,2686598.467,246906.8448,2686595.923,246889.113,520291
359,1465,359,1HTWGAAT96J346882,6/1/2018 14:02,2686339.283,246950.3433,2686335.861,246926.032,520285
360,1465,360,1HTWGAAT96J346882,6/1/2018 14:02,2686297.266,246949.1241,2686294.828,246931.8075,520285
361,1465,361,1HTWGAAT96J346882,6/1/2018 14:03,2686122.468,246113.1395,2686138.137,246110.8562,422273
362,1465,362,1HTWGAAT96J346882,6/1/2018 14:03,2685963.465,245408.8114,2685960.182,245411.4375,422273
363,1465,363,1HTWGAAT96J346882,6/1/2018 14:03,2686002.611,244735.7411,2686017.292,244741.5391,422273
364,1465,364,1HTWGAAT96J346882,6/1/2018 14:03,2686012.327,244400.7422,2686029.862,244384.8979,420032
365,1465,365,1HTWGAAT96J346882,6/1/2018 14:04,2685835.253,244319.0759,2685880.296,244296.529,420047
366,1465,366,1HTWGAAT96J346882,6/1/2018 14:04,2685218.198,244326.7025,2685224.534,244290.6479,423380
367,1465,367,1HTWGAAT96J346882,6/1/2018 14:04,2685078.864,244297.1559,2685084.337,244266.0119,423380
368,1465,368,1HTWGAAT96J346882,6/1/2018 14:04,2685078.864,244297.1559,2685084.337,244266.0119,423380
369,1465,369,1HTWGAAT96J346882,6/1/2018 14:06,2684803.103,244234.5049,2684805.642,244219.1602,423381
370,1465,370,1HTWGAAT96J346882,6/1/2018 14:06,2684783.493,244233.9371,2684786.463,244215.9869,423381
371,1465,371,1HTWGAAT96J346882,6/1/2018 14:09,2684775.205,243067.5055,2684772.222,243066.4666,422347
372,1465,372,1HTWGAAT96J346882,6/1/2018 14:10,2685060.429,242222.9868,2685060.973,242223.1773,422347
373,1465,373,1HTWGAAT96J346882,6/1/2018 14:10,2685235.103,241710.5484,2685236.273,241710.9471,422347
374,1465,374,1HTWGAAT96J346882,6/1/2018 14:10,2685236.685,241655.929,2685253.339,241661.7876,422152
375,1465,375,1HTWGAAT96J346882,6/1/2018 14:11,2685300.69,241479.21,2685303.737,241479.8006,422152
376,1465,376,1HTWGAAT96J346882,6/1/2018 14:11,2685300.69,241479.21,2685303.737,241479.8006,422152
377,1465,377,1HTWGAAT96J346882,6/1/2018 14:11,2685301.534,241450.0797,2685309.21,241451.5675,422152
378,1465,378,1HTWGAAT96J346882,6/1/2018 14:12,2685466.312,240602.0758,2685460.597,240601.0977,420469
379,1465,379,1HTWGAAT96J346882,6/1/2018 14:12,2685491.2,240420.5794,2685491.54,240420.64,420506
380,1465,380,1HTWGAAT96J346882,6/1/2018 14:12,2685516.828,240213.594,2685528.122,240215.6088,420547
381,1465,381,1HTWGAAT96J346882,6/1/2018 14:12,2685537.18,240188.6733,2685533.058,240187.9382,420547
382,1465,382,1HTWGAAT96J346882,6/1/2018 14:13,2685161.875,240075.7588,2685160.365,240084.4105,422853
383,1465,383,1HTWGAAT96J346882,6/1/2018 14:13,2684843.3,240037.3792,2684844.553,240030.0885,422856
384,1465,384,1HTWGAAT96J346882,6/1/2018 14:14,2684346.77,239946.4783,2684347.19,239944.0573,420585
385,1465,385,1HTWGAAT96J346882,6/1/2018 14:14,2684012.012,239885.7753,2684011.89,239886.4897,420597
386,1465,386,1HTWGAAT96J346882,6/1/2018 14:14,2683791.396,239853.8865,2683792.323,239848.5449,420610
387,1465,387,1HTWGAAT96J346882,6/1/2018 14:14,2683476.249,239793.7577,2683476.268,239793.6491,420610
388,1465,388,1HTWGAAT96J346882,6/1/2018 14:15,2683037.92,239726.4312,2683039.485,239717.4802,420617
389,1465,389,1HTWGAAT96J346882,6/1/2018 14:15,2682820.103,239694.6319,2682822.725,239679.601,421116
390,1465,390,1HTWGAAT96J346882,6/1/2018 14:15,2682781.612,239668.0104,2682780.863,239672.2986,421116
391,1465,391,1HTWGAAT96J346882,6/1/2018 14:16,2682593.916,239272.6489,2682577.322,239270.8403,422646
392,1465,392,1HTWGAAT96J346882,6/1/2018 14:16,2682622.462,238963.7039,2682610.9,238962.3835,422155
393,1465,393,1HTWGAAT96J346882,6/1/2018 14:17,2682648.802,238731.2265,2682637.384,238730.0103,422647
394,1465,394,1HTWGAAT96J346882,6/1/2018 14:17,2682675.878,238473.2599,2682664.856,238472.0859,422647
395,1465,395,1HTWGAAT96J346882,6/1/2018 14:17,2682705.161,238138.8259,2682702.973,238138.5846,420828
396,1465,396,1HTWGAAT96J346882,6/1/2018 14:18,2682734.55,237800.7507,2682741.369,237802.1134,422614
397,1465,397,1HTWGAAT96J346882,6/1/2018 14:18,2682737.493,237698.7942,2682729.825,237699.7032,422614
398,1465,398,1HTWGAAT96J346882,6/1/2018 14:18,2682980.935,237523.6047,2682980.102,237517.2622,420868
399,1465,399,1HTWGAAT96J346882,6/1/2018 14:19,2683082.551,237501.0284,2683082.909,237503.7548,420868
400,1465,400,1HTWGAAT96J346882,6/1/2018 14:19,2683282.244,237481.2851,2683281.763,237477.6282,420868
401,1465,401,1HTWGAAT96J346882,6/1/2018 14:19,2683383.86,237458.71,2683384.586,237464.0412,420877
402,1465,402,1HTWGAAT96J346882,6/1/2018 14:21,2683739.45,236896.8232,2683760.069,236894.0309,420928
403,1465,403,1HTWGAAT96J346882,6/1/2018 14:22,2683686.008,236611.02,2683722.47,236606.2858,420955
404,1465,404,1HTWGAAT96J346882,6/1/2018 14:22,2683689.796,236479.9332,2683705.401,236477.8421,420969
405,1465,405,1HTWGAAT96J346882,6/1/2018 14:23,2683609.602,235858.0778,2683618.467,235857.0293,423108
406,1465,406,1HTWGAAT96J346882,6/1/2018 14:23,2683556.26,235568.6336,2683586.104,235564.7153,423108
407,1465,407,1HTWGAAT96J346882,6/1/2018 14:24,2683556.26,235568.6336,2683586.104,235564.7153,423108
408,1465,408,1HTWGAAT96J346882,6/1/2018 14:24,2683556.997,235543.1445,2683582.827,235539.7532,423108
409,1465,409,1HTWGAAT96J346882,6/1/2018 14:25,2683454.968,234997.1901,2683450.879,234998.4309,423274
410,1465,410,1HTWGAAT96J346882,6/1/2018 14:25,2683455.704,234971.701,2683444.052,234973.8851,423274
411,1465,411,1HTWGAAT96J346882,6/1/2018 14:26,2683675.62,234252.8311,2683689.102,234257.3862,320110
412,1465,412,1HTWGAAT96J346882,6/1/2018 14:26,2683788.653,233738.6011,2683807.742,233738.4782,323015
413,1465,413,1HTWGAAT96J346882,6/1/2018 14:26,2683791.705,233633.0034,2683807.062,233632.9045,323015
414,1465,414,1HTWGAAT96J346882,6/1/2018 14:27,2683791.705,233633.0034,2683807.062,233632.9045,323015
415,1465,415,1HTWGAAT96J346882,6/1/2018 14:28,2684635.702,233449.6817,2684646.405,233412.4497,323622
416,1465,416,1HTWGAAT96J346882,6/1/2018 14:28,2684694.558,233451.3847,2684703.864,233429.5159,323622
417,1465,417,1HTWGAAT96J346882,6/1/2018 14:29,2685068.385,233618.9116,2685072.14,233613.0398,323621
418,1465,418,1HTWGAAT96J346882,6/1/2018 14:29,2685657.706,233996.771,2685661.919,233990.1831,323620
419,1465,419,1HTWGAAT96J346882,6/1/2018 14:29,2685696.098,234027.0383,2685702.906,234016.3928,323620
420,1465,420,1HTWGAAT96J346882,6/1/2018 14:30,2685773.094,234080.2904,2685776.091,234078.5833,323620
421,1465,421,1HTWGAAT96J346882,6/1/2018 14:31,2686082.138,234450.0394,2686080.865,234451.0778,323490
422,1465,422,1HTWGAAT96J346882,6/1/2018 14:31,2686119.79,234505.7963,2686123.211,234503.0064,323490
423,1465,423,1HTWGAAT96J346882,6/1/2018 14:32,2686360.07,234538.2749,2686361.744,234540.225,322972
424,1465,424,1HTWGAAT96J346882,6/1/2018 14:32,2686665.487,234259.2314,2686675.456,234270.8417,322972
425,1465,425,1HTWGAAT96J346882,6/1/2018 14:34,2687423.347,233661.6932,2687425.575,233676.8663,323688
426,1465,426,1HTWGAAT96J346882,6/1/2018 14:34,2687762.733,233565.8672,2687752.178,233575.2618,323020
427,1465,427,1HTWGAAT96J346882,6/1/2018 14:34,2687487.491,233481.3386,2687502.963,233464.8081,323020
428,1465,428,1HTWGAAT96J346882,6/1/2018 14:35,2687176.234,233188.0391,2687188.552,233174.5472,323584
429,1465,429,1HTWGAAT96J346882,6/1/2018 14:35,2686806.958,232863.905,2686825.752,232843.3193,323584
430,1465,430,1HTWGAAT96J346882,6/1/2018 14:35,2686457.925,232518.4978,2686465.347,232510.2508,321073
431,1465,431,1HTWGAAT96J346882,6/1/2018 14:35,2686741.161,232424.6732,2686740.295,232418.7859,321074
432,1465,432,1HTWGAAT96J346882,6/1/2018 14:36,2687039.102,232404.1658,2687035.576,232375.9881,321075
433,1465,433,1HTWGAAT96J346882,6/1/2018 14:36,2687340.48,232361.8956,2687337.597,232338.2809,321077
434,1465,434,1HTWGAAT96J346882,6/1/2018 14:36,2687599.818,232318.4076,2687597.648,232304.7309,321078
435,1465,435,1HTWGAAT96J346882,6/1/2018 14:37,2687470.731,232030.3979,2687469.165,232032.217,321082
436,1465,436,1HTWGAAT96J346882,6/1/2018 14:37,2687294.416,231919.5908,2687311.819,231897.8363,322741
437,1465,437,1HTWGAAT96J346882,6/1/2018 14:37,2686981.657,231677.2718,2687027.469,231633.4231,322741
438,1465,438,1HTWGAAT96J346882,6/1/2018 14:38,2686725.427,231516.7728,2686718.981,231508.0217,322763
439,1465,439,1HTWGAAT96J346882,6/1/2018 14:38,2686441.182,231741.7652,2686427.291,231722.9097,322763
440,1465,440,1HTWGAAT96J346882,6/1/2018 14:38,2686224.143,231680.8057,2686219.948,231683.8552,322762
441,1465,441,1HTWGAAT96J346882,6/1/2018 14:38,2686126.195,231575.924,2686136.202,231568.6499,322762
442,1465,442,1HTWGAAT96J346882,6/1/2018 14:54,2686107.314,231549.8662,2686117.281,231542.6211,322762
443,1465,443,1HTWGAAT96J346882,6/1/2018 14:54,2686107.314,231549.8662,2686101.11,231520.3748,322948
444,1465,444,1HTWGAAT96J346882,6/1/2018 14:57,2685887.951,231569.018,2685940.725,231639.8582,322761
445,1465,445,1HTWGAAT96J346882,6/1/2018 14:57,2685887.212,231594.507,2685928.039,231649.3094,322761
446,1465,446,1HTWGAAT96J346882,6/1/2018 15:06,2686312.338,231348.0829,2686319.422,231357.5833,322948
447,1465,447,1HTWGAAT96J346882,6/1/2018 15:06,2686455.44,231250.1913,2686458.299,231254.0252,322948
448,1465,448,1HTWGAAT96J346882,6/1/2018 15:07,2685640.786,231095.3793,2685643.142,231038.5695,322109
449,1465,449,1HTWGAAT96J346882,6/1/2018 15:07,2685382.916,231087.9097,2685385.406,231027.8797,322109
450,1465,450,1HTWGAAT96J346882,6/1/2018 15:07,2685363.295,231087.3414,2685365.795,231027.0664,322109
451,1465,451,1HTWGAAT96J346882,6/1/2018 15:08,2685242.769,231083.8512,2685244.831,231022.7565,322110
452,1465,452,1HTWGAAT96J346882,6/1/2018 15:08,2685223.149,231083.2831,2685225.213,231022.0945,322110
453,1465,453,1HTWGAAT96J346882,6/1/2018 15:10,2684743.846,231069.4096,2684742.258,231017.9008,322113
454,1465,454,1HTWGAAT96J346882,6/1/2018 15:11,2684723.488,231094.3309,2684717.071,231019.1482,322111
455,1465,455,1HTWGAAT96J346882,6/1/2018 15:12,2684242.712,231131.4453,2684243.995,231134.9674,322927
456,1465,456,1HTWGAAT96J346882,6/1/2018 15:13,2684223.092,231130.878,2684225.563,231140.3847,322926
457,1465,457,1HTWGAAT96J346882,6/1/2018 15:13,2684382.396,232509.402,2684358.255,232518.9663,323647
458,1465,458,1HTWGAAT96J346882,6/1/2018 15:14,2684420.646,232641.7047,2684395.07,232648.0146,323647
459,1465,459,1HTWGAAT96J346882,6/1/2018 15:14,2684032.589,232965.7629,2684032.864,232965.2117,323613
460,1465,460,1HTWGAAT96J346882,6/1/2018 15:14,2683897.863,233453.8545,2683899.375,233548.0538,323495
461,1465,461,1HTWGAAT96J346882,6/1/2018 15:14,2684171.537,233592.9627,2684152.216,233624.0304,323495
462,1465,462,1HTWGAAT96J346882,6/1/2018 15:15,2684357.647,233365.1068,2684371.42,233388.3048,323622
463,1465,463,1HTWGAAT96J346882,6/1/2018 15:15,2684755.479,233478.658,2684765.289,233455.6556,323621
464,1465,464,1HTWGAAT96J346882,6/1/2018 15:15,2685128.567,233671.6749,2685138.803,233655.6685,323621
465,1465,465,1HTWGAAT96J346882,6/1/2018 15:16,2685381.875,233835.7175,2685393.046,233818.2483,323620
466,1465,466,1HTWGAAT96J346882,6/1/2018 15:16,2685442.794,233862.9925,2685448.664,233853.8139,323620
467,1465,467,1HTWGAAT96J346882,6/1/2018 15:18,2685815.133,234081.5088,2685786.911,234097.5814,323620
468,1465,468,1HTWGAAT96J346882,6/1/2018 15:18,2685909.529,234211.797,2685895.24,234223.4501,323490
469,1465,469,1HTWGAAT96J346882,6/1/2018 15:18,2686142.21,234506.4464,2686132.484,234514.3778,323490
470,1465,470,1HTWGAAT96J346882,6/1/2018 15:19,2686218.464,234585.189,2686202.504,234598.6373,323490
471,1465,471,1HTWGAAT96J346882,6/1/2018 15:20,2685875.015,235402.4992,2685874.886,235402.6085,422359
472,1465,472,1HTWGAAT96J346882,6/1/2018 15:20,2686009.12,235614.1147,2686035.075,235592.1831,423094
473,1465,473,1HTWGAAT96J346882,6/1/2018 15:21,2686044.554,235746.3387,2686068.804,235742.996,423094
474,1465,474,1HTWGAAT96J346882,6/1/2018 15:22,2686147.001,236372.4934,2686152.405,236371.7904,422208
475,1465,475,1HTWGAAT96J346882,6/1/2018 15:22,2686147.001,236372.4934,2686152.405,236371.7904,422208
476,1465,476,1HTWGAAT96J346882,6/1/2018 15:23,2686214.273,236760.7456,2686194.203,236762.5705,421921
477,1465,477,1HTWGAAT96J346882,6/1/2018 15:23,2686211.949,236840.854,2686201.148,236841.7629,422207
478,1465,478,1HTWGAAT96J346882,6/1/2018 15:24,2686260.926,237279.5967,2686246.837,237281.4118,423353
479,1465,479,1HTWGAAT96J346882,6/1/2018 15:24,2686256.385,237436.1722,2686266.604,237434.8557,423354
480,1465,480,1HTWGAAT96J346882,6/1/2018 15:25,2686306.254,237747.3887,2686309.039,237746.994,421911
481,1465,481,1HTWGAAT96J346882,6/1/2018 15:25,2686277.555,238059.9706,2686292.746,238061.7002,421910
482,1465,482,1HTWGAAT96J346882,6/1/2018 15:25,2686230.827,238317.3643,2686257.29,238321.1619,421884
483,1465,483,1HTWGAAT96J346882,6/1/2018 15:25,2686200.756,238677.2831,2686206.077,238678.0467,421884
484,1465,484,1HTWGAAT96J346882,6/1/2018 15:26,2686173.06,238858.6975,2686178.623,238859.7144,421885
485,1465,485,1HTWGAAT96J346882,6/1/2018 15:26,2686104.396,239195.631,2686119.568,239198.1251,421883
486,1465,486,1HTWGAAT96J346882,6/1/2018 15:27,2686057.671,239453.025,2686076.361,239456.1771,421859
487,1465,487,1HTWGAAT96J346882,6/1/2018 15:27,2686035.1,239554.4124,2686059.128,239558.4479,421858
488,1465,488,1HTWGAAT96J346882,6/1/2018 15:28,2685983.836,239968.3821,2685988.374,239969.1949,421857
489,1465,489,1HTWGAAT96J346882,6/1/2018 15:29,2685933.572,240251.1842,2685936.39,240251.6329,421112
490,1465,490,1HTWGAAT96J346882,6/1/2018 15:29,2685843.084,240664.0169,2685866.637,240668.3578,420454
491,1465,491,1HTWGAAT96J346882,6/1/2018 15:29,2685837.067,240871.5705,2685829.451,240870.171,420420
492,1465,492,1HTWGAAT96J346882,6/1/2018 15:30,2685690.96,241075.0632,2685690.874,241074.7241,420400
493,1465,493,1HTWGAAT96J346882,6/1/2018 15:30,2685345.19,241298.2817,2685338.047,241296.9698,422152
494,1465,494,1HTWGAAT96J346882,6/1/2018 15:30,2685145.626,241992.2159,2685140.997,241990.6393,422347
495,1465,495,1HTWGAAT96J346882,6/1/2018 15:30,2684883.548,242811.8936,2684860.931,242803.7105,422347
496,1465,496,1HTWGAAT96J346882,6/1/2018 15:31,2684686.958,243403.8752,2684658.735,243394.3337,422347
497,1465,497,1HTWGAAT96J346882,6/1/2018 15:31,2684644.785,243504.6962,2684623.822,243497.6139,422347
498,1465,498,1HTWGAAT96J346882,6/1/2018 15:32,2684556.058,243760.8768,2684540.852,243757.9814,422347
499,1465,499,1HTWGAAT96J346882,6/1/2018 15:32,2684555.215,243790.0072,2684535.47,243786.2475,422347
500,1465,500,1HTWGAAT96J346882,6/1/2018 15:35,2685119.667,244243.6725,2685114.8,244271.365,423380
501,1465,501,1HTWGAAT96J346882,6/1/2018 15:35,2685776.423,244317.3702,2685775.507,244310.5093,420035
502,1465,502,1HTWGAAT96J346882,6/1/2018 15:35,2685796.033,244317.9387,2685794.7,244307.9488,420035
503,1465,503,1HTWGAAT96J346882,6/1/2018 15:37,2685907.594,245305.1492,2685907.166,245305.3034,422273
504,1465,504,1HTWGAAT96J346882,6/1/2018 15:37,2686092.229,245802.4921,2686093.184,245802.3529,422273
505,1465,505,1HTWGAAT96J346882,6/1/2018 15:37,2686142.077,246113.7083,2686138.626,246114.2111,422273
506,1465,506,1HTWGAAT96J346882,6/1/2018 15:37,2686139.013,246219.3058,2686153.63,246217.1759,422273
507,1465,507,1HTWGAAT96J346882,6/1/2018 15:38,2686993.966,246320.654,2686992.613,246311.2641,521404
508,1465,508,1HTWGAAT96J346882,6/1/2018 15:38,2687013.575,246321.2235,2687011.743,246308.5081,521404
509,1465,509,1HTWGAAT96J346882,6/1/2018 15:39,2687888.889,247071.8909,2687897.374,247062.841,520308
510,1465,510,1HTWGAAT96J346882,6/1/2018 15:40,2688025.873,247181.5616,2688024.634,247182.8695,521335
511,1465,511,1HTWGAAT96J346882,6/1/2018 15:40,2688025.132,247207.0505,2688036.969,247194.5588,521335
512,1465,512,1HTWGAAT96J346882,6/1/2018 15:41,2688318.069,247448.8124,2688319.21,247447.557,521129
513,1465,513,1HTWGAAT96J346882,6/1/2018 15:41,2688629.124,247742.1264,2688633.132,247737.8825,522328
514,1465,514,1HTWGAAT96J346882,6/1/2018 15:41,2688724.935,247821.4475,2688724.489,247821.9469,521126
515,1465,515,1HTWGAAT96J346882,6/1/2018 15:42,2689112.817,248171.6705,2689112.115,248172.4452,521401
516,1465,516,1HTWGAAT96J346882,6/1/2018 15:42,2689347.655,248386.2421,2689363.084,248363.9064,521401
517,1465,517,1HTWGAAT96J346882,6/1/2018 15:42,2689346.169,248437.22,2689385.917,248379.6792,521401
518,1465,518,1HTWGAAT96J346882,6/1/2018 15:43,2689346.169,248437.22,2689385.917,248379.6792,521401
519,1465,519,1HTWGAAT96J346882,6/1/2018 15:45,2689758.205,248631.4495,2689753.679,248637.6726,521124
520,1465,520,1HTWGAAT96J346882,6/1/2018 15:45,2689716.762,248706.7729,2689717.319,248710.7017,521358
521,1465,521,1HTWGAAT96J346882,6/1/2018 15:46,2689250.617,248926.4255,2689250.242,248926.4747,520873
522,1465,522,1HTWGAAT96J346882,6/1/2018 15:46,2689266.404,249058.0829,2689267.035,249058.0033,520872
523,1465,523,1HTWGAAT96J346882,6/1/2018 15:46,2689264.918,249109.0608,2689276.718,249134.8504,520871
524,1465,524,1HTWGAAT96J346882,6/1/2018 15:50,2689398.143,250020.3917,2689400.98,250019.9721,520868
525,1465,525,1HTWGAAT96J346882,6/1/2018 15:51,2689468.116,250408.7346,2689455.197,250410.4905,520875
526,1465,526,1HTWGAAT96J346882,6/1/2018 15:51,2689514.83,250825.5548,2689512.289,250825.8982,520796
527,1465,527,1HTWGAAT96J346882,6/1/2018 15:51,2689565.365,251111.289,2689552.017,251113.2279,521949
528,1465,528,1HTWGAAT96J346882,6/1/2018 15:51,2689614.876,251528.1911,2689609.333,251528.9081,520795
529,1465,529,1HTWGAAT96J346882,6/1/2018 15:52,2689681.933,251920.0942,2689664.197,251922.5815,520807
530,1465,530,1HTWGAAT96J346882,6/1/2018 15:52,2689713.602,252179.7682,2689700.394,252181.7533,521856
531,1465,531,1HTWGAAT96J346882,6/1/2018 15:52,2689780.481,252673.7091,2689768.5,252675.4944,521851
532,1465,532,1HTWGAAT96J346882,6/1/2018 15:52,2689812.148,252933.3833,2689804.52,252934.4244,521840
533,1465,533,1HTWGAAT96J346882,6/1/2018 15:53,2689859.593,253324.7152,2689858.425,253324.8879,520644
534,1465,534,1HTWGAAT96J346882,6/1/2018 15:53,2689928.696,253742.1897,2689920.288,253743.4325,520644
535,1465,535,1HTWGAAT96J346882,6/1/2018 15:53,2690247.194,253776.9936,2690247.596,253780.6786,521783
536,1465,536,1HTWGAAT96J346882,6/1/2018 15:54,2690644.846,253788.6021,2690674.25,253784.6822,521338
537,1465,537,1HTWGAAT96J346882,6/1/2018 15:54,2690697.592,253997.872,2690702.582,253997.2068,521338
538,1465,538,1HTWGAAT96J346882,6/1/2018 15:54,2690717.195,253998.4444,2690702.999,254000.3369,521338
539,1465,539,1HTWGAAT96J346882,6/1/2018 15:54,2690716.45,254023.9333,2690706.325,254025.2832,521338
540,1465,540,1HTWGAAT96J346882,6/1/2018 15:58,2690544.033,253785.6585,2690536.916,253786.6536,521780
541,1465,541,1HTWGAAT96J346882,6/1/2018 15:59,2690514.714,253445.8753,2690490.784,253449.1356,521340
542,1465,542,1HTWGAAT96J346882,6/1/2018 15:59,2690461.965,253236.6059,2690461.831,253236.6241,521340
543,1465,543,1HTWGAAT96J346882,6/1/2018 15:59,2690233.136,252818.1122,2690242.656,252816.8215,521837
544,1465,544,1HTWGAAT96J346882,6/1/2018 16:00,2690202.323,252529.3074,2690203.484,252529.1486,521857
545,1465,545,1HTWGAAT96J346882,6/1/2018 16:00,2690134.428,252166.533,2690153.33,252163.9903,521860
546,1465,546,1HTWGAAT96J346882,6/1/2018 16:01,2690106.018,251699.224,2690093.49,251728.9663,521919
547,1465,547,1HTWGAAT96J346882,6/1/2018 16:01,2690035.887,251412.9167,2690049.512,251411.0523,520799
548,1465,548,1HTWGAAT96J346882,6/1/2018 16:01,2690005.07,251124.1121,2690011.172,251123.3062,521950
549,1465,549,1HTWGAAT96J346882,6/1/2018 16:01,2689973.402,250864.4377,2689974.005,250864.3471,522032
550,1465,550,1HTWGAAT96J346882,6/1/2018 16:02,2689923.044,250476.6652,2689918.7,250477.2598,520800
551,1465,551,1HTWGAAT96J346882,6/1/2018 16:02,2689890.631,250242.4798,2689886.852,250242.9759,520065
552,1465,552,1HTWGAAT96J346882,6/1/2018 16:02,2689859.066,249979.1644,2689853.401,249979.9077,520072
553,1465,553,1HTWGAAT96J346882,6/1/2018 16:02,2689840.947,249927.6147,2689846.445,249926.8934,520072
554,1465,554,1HTWGAAT96J346882,6/1/2018 16:03,2689841.691,249902.1258,2689843.169,249901.9317,520072
555,1465,555,1HTWGAAT96J346882,6/1/2018 16:04,2689639.324,249247.5266,2689639.049,249247.9098,521498
556,1465,556,1HTWGAAT96J346882,6/1/2018 16:05,2689287.602,249004.035,2689291.497,248998.6046,521498
557,1465,557,1HTWGAAT96J346882,6/1/2018 16:05,2689229.525,248976.8322,2689239.948,248961.9254,521499
558,1465,558,1HTWGAAT96J346882,6/1/2018 16:05,2689230.268,248951.3432,2689228.478,248953.8742,521499
559,1465,559,1HTWGAAT96J346882,6/1/2018 16:09,2689310.752,248979.199,2689295.019,249001.1312,521498
560,1465,560,1HTWGAAT96J346882,6/1/2018 16:09,2689718.956,249304.514,2689718.913,249304.5786,521497
561,1465,561,1HTWGAAT96J346882,6/1/2018 16:10,2689790.585,249539.8425,2689792.705,249539.5437,520097
562,1465,562,1HTWGAAT96J346882,6/1/2018 16:10,2689828.138,249694.0013,2689815.183,249696.8831,521457
563,1465,563,1HTWGAAT96J346882,6/1/2018 16:14,2689892.224,250187.8607,2689879.831,250189.4875,520065
564,1465,564,1HTWGAAT96J346882,6/1/2018 16:15,2689890.631,250242.4798,2689886.852,250242.9759,520065
565,1465,565,1HTWGAAT96J346882,6/1/2018 16:17,2689977.863,250711.5041,2689951.664,250715.4347,522032
566,1465,566,1HTWGAAT96J346882,6/1/2018 16:17,2689977.119,250736.993,2689955.388,250740.2534,522032
567,1465,567,1HTWGAAT96J346882,6/1/2018 16:20,2690041.198,251230.8529,2690025.644,251232.9067,521950
568,1465,568,1HTWGAAT96J346882,6/1/2018 16:21,2690021.594,251230.281,2690025.234,251229.8002,521950
569,1465,569,1HTWGAAT96J346882,6/1/2018 16:24,2690125.448,251801.8334,2690104.118,251804.8219,521919
570,1465,570,1HTWGAAT96J346882,6/1/2018 16:24,2690125.448,251801.8334,2690104.118,251804.8219,521919
571,1465,571,1HTWGAAT96J346882,6/1/2018 16:26,2689757.097,252130.0154,2689758.179,252138.1112,521861
572,1465,572,1HTWGAAT96J346882,6/1/2018 16:26,2689729.489,252307.7846,2689722.426,252328.3407,521855
573,1465,573,1HTWGAAT96J346882,6/1/2018 16:27,2689812.148,252933.3833,2689804.52,252934.4244,521840
574,1465,574,1HTWGAAT96J346882,6/1/2018 16:27,2689862.673,253219.1182,2689843.728,253221.7039,521840
575,1465,575,1HTWGAAT96J346882,6/1/2018 16:27,2689915.891,253508.5762,2689886.223,253512.9613,520644
576,1465,576,1HTWGAAT96J346882,6/1/2018 16:28,2689946.068,253819.2284,2689931.803,253821.3369,520644
577,1465,577,1HTWGAAT96J346882,6/1/2018 16:30,2690115.461,254833.6629,2690077.103,254838.8918,521597
578,1465,578,1HTWGAAT96J346882,6/1/2018 16:30,2690113.123,254913.771,2690165.404,254938.4198,620246
579,1465,579,1HTWGAAT96J346882,6/1/2018 16:30,2690332.392,254891.0153,2690335.687,254915.5558,620246
580,1465,580,1HTWGAAT96J346882,6/1/2018 16:30,2690492.006,254895.6749,2690491.287,254891.1882,620247
581,1465,581,1HTWGAAT96J346882,6/1/2018 16:30,2690851.925,254855.1643,2690850.205,254840.5569,620250
582,1465,582,1HTWGAAT96J346882,6/1/2018 16:30,2690933.877,254832.0476,2690933.721,254830.7234,620250
583,1465,583,1HTWGAAT96J346882,6/1/2018 16:31,2691307.334,254999.6689,2691314.475,255004.8818,621217
584,1465,584,1HTWGAAT96J346882,6/1/2018 16:31,2691160.512,255228.6183,2691172.179,255235.7085,621234
585,1465,585,1HTWGAAT96J346882,6/1/2018 16:31,2691033.294,255458.1413,2691036,255459.7854,621234
586,1465,586,1HTWGAAT96J346882,6/1/2018 16:31,2690991.858,255533.4626,2690991.395,255533.1811,621234
587,1465,587,1HTWGAAT96J346882,6/1/2018 16:32,2690908.879,255687.7468,2690900.295,255682.3968,620261
588,1465,588,1HTWGAAT96J346882,6/1/2018 16:32,2690823.952,255812.8192,2690820.394,255810.6017,620261
589,1465,589,1HTWGAAT96J346882,6/1/2018 16:34,2690035.402,256904.9774,2690034.23,256904.1031,621867
590,1465,590,1HTWGAAT96J346882,6/1/2018 16:34,2689764.38,257261.5082,2689766.651,257263.1986,621867
591,1465,591,1HTWGAAT96J346882,6/1/2018 16:34,2689600.785,257489.9769,2689598.915,257488.585,621867
592,1465,592,1HTWGAAT96J346882,6/1/2018 16:34,2689577.642,257514.8126,2689578.771,257515.6524,621867
593,1465,593,1HTWGAAT96J346882,6/1/2018 16:35,2689577.642,257514.8126,2689578.771,257515.6524,621867
594,1465,594,1HTWGAAT96J346882,6/1/2018 16:36,2689706.381,257904.8712,2689683.288,257935.4708,620960
595,1465,595,1HTWGAAT96J346882,6/1/2018 16:37,2689941.86,258093.9595,2689924.83,258116.8482,621260
596,1465,596,1HTWGAAT96J346882,6/1/2018 16:37,2689918.718,258118.7949,2689921.828,258114.6148,621260
597,1465,597,1HTWGAAT96J346882,6/1/2018 16:37,2689941.117,258119.4485,2689936.558,258125.575,621260
598,1465,598,1HTWGAAT96J346882,6/1/2018 16:38,2689455.585,257664.3173,2689463.66,257670.3263,621867
599,1465,599,1HTWGAAT96J346882,6/1/2018 16:39,2689558.042,257514.2411,2689572.058,257524.6718,621867
600,1465,600,1HTWGAAT96J346882,6/1/2018 16:40,2689975.114,256954.2396,2689989.053,256964.6413,621867
601,1465,601,1HTWGAAT96J346882,6/1/2018 16:40,2690076.09,256855.1434,2690072.671,256852.5923,621867
602,1465,602,1HTWGAAT96J346882,6/1/2018 16:40,2690181.46,256701.5102,2690184.003,256703.4079,621867
603,1465,603,1HTWGAAT96J346882,6/1/2018 16:40,2690181.46,256701.5102,2690184.003,256703.4079,621867
604,1465,604,1HTWGAAT96J346882,6/1/2018 16:41,2690388.554,256423.2937,2690392.189,256426.0482,621867
605,1465,605,1HTWGAAT96J346882,6/1/2018 16:42,2690388.554,256423.2937,2690392.189,256426.0482,621867
606,1465,606,1HTWGAAT96J346882,6/1/2018 16:43,2690804.351,255812.2467,2690815.167,255818.9877,620261
607,1465,607,1HTWGAAT96J346882,6/1/2018 16:43,2690992.603,255507.9737,2691002.908,255514.2366,621234
608,1465,608,1HTWGAAT96J346882,6/1/2018 16:43,2691306.589,255025.1578,2691302.439,255021.3711,621217
609,1465,609,1HTWGAAT96J346882,6/1/2018 16:43,2691397.13,254612.3448,2691404.47,254611.322,520722
610,1465,610,1HTWGAAT96J346882,6/1/2018 16:44,2691330.11,254220.4369,2691349.628,254217.7174,520722
611,1465,611,1HTWGAAT96J346882,6/1/2018 16:44,2691278.294,253883.6393,2691301.947,253880.0424,520724
612,1465,612,1HTWGAAT96J346882,6/1/2018 16:44,2691246.644,253623.9633,2691269.227,253620.7948,520726
613,1465,613,1HTWGAAT96J346882,6/1/2018 16:44,2691216.484,253313.3095,2691225.9,253311.9883,520726
614,1465,614,1HTWGAAT96J346882,6/1/2018 16:45,2691200.711,253181.6509,2691207.48,253180.7012,520726
615,1465,615,1HTWGAAT96J346882,6/1/2018 16:45,2691151.976,252739.2567,2691145.548,252740.1608,521827
616,1465,616,1HTWGAAT96J346882,6/1/2018 16:45,2691083.35,252401.9686,2691097.936,252399.9413,521868
617,1465,617,1HTWGAAT96J346882,6/1/2018 16:45,2691051.696,252142.2929,2691061.926,252140.8709,521868
618,1465,618,1HTWGAAT96J346882,6/1/2018 16:46,2690975.054,251983.3456,2690973.879,251975.5988,520781
619,1465,619,1HTWGAAT96J346882,6/1/2018 16:46,2690434.368,252069.5996,2690431.585,252047.6326,520778
620,1465,620,1HTWGAAT96J346882,6/1/2018 16:47,2690195.577,252088.141,2690142.603,252084.2415,521918
621,1465,621,1HTWGAAT96J346882,6/1/2018 16:47,2690086.414,251698.652,2690090.401,251700.3479,520814
622,1465,622,1HTWGAAT96J346882,6/1/2018 16:48,2690087.901,251647.6742,2690082.945,251648.3853,520813
623,1465,623,1HTWGAAT96J346882,6/1/2018 16:55,2690008.044,251022.1563,2689997.252,251023.6647,521953
624,1465,624,1HTWGAAT96J346882,6/1/2018 16:55,2689974.145,250838.9488,2689970.282,250839.5284,522032
625,1465,625,1HTWGAAT96J346882,6/1/2018 16:56,2689974.889,250813.4598,2689966.558,250814.7096,522032
626,1465,626,1HTWGAAT96J346882,6/1/2018 17:03,2689889.144,250293.4577,2689893.482,250292.8647,520060
627,1465,627,1HTWGAAT96J346882,6/1/2018 17:03,2689889.144,250293.4577,2689891.43,250277.8553,520065
628,1465,628,1HTWGAAT96J346882,6/1/2018 17:10,2689804.988,249718.8368,2689817.956,249717.0539,521457
629,1465,629,1HTWGAAT96J346882,6/1/2018 17:10,2689805.731,249693.3478,2689814.496,249692.0902,521456
630,1465,630,1HTWGAAT96J346882,6/1/2018 17:11,2689318.261,249394.8761,2689315.988,249395.1979,520870
631,1465,631,1HTWGAAT96J346882,6/1/2018 17:12,2689364.239,249837.185,2689375.63,249835.7299,520869
632,1465,632,1HTWGAAT96J346882,6/1/2018 17:12,2689382.358,249888.7343,2689382.4,249888.729,520869
633,1465,633,1HTWGAAT96J346882,6/1/2018 17:12,2689446.918,250462.7823,2689462.026,250460.7289,520875
634,1465,634,1HTWGAAT96J346882,6/1/2018 17:13,2689480.185,250667.8368,2689490.459,250666.4145,522038
635,1465,635,1HTWGAAT96J346882,6/1/2018 17:13,2689478.593,250722.456,2689497.848,250719.7904,522038
636,1465,636,1HTWGAAT96J346882,6/1/2018 17:13,2689512.601,250902.0216,2689522.396,250900.6981,520796
637,1465,637,1HTWGAAT96J346882,6/1/2018 17:14,2689596.015,251502.1305,2689605.707,251500.877,520795
638,1465,638,1HTWGAAT96J346882,6/1/2018 17:14,2689644.211,251867.9731,2689656.301,251866.2776,520807
639,1465,639,1HTWGAAT96J346882,6/1/2018 17:14,2689555.457,252124.1358,2689561.719,252166.3336,521925
640,1465,640,1HTWGAAT96J346882,6/1/2018 17:14,2689315.924,252168.1747,2689298.11,252205.4502,521848
641,1465,641,1HTWGAAT96J346882,6/1/2018 17:15,2689297.806,252116.6255,2689284.336,252118.7656,521926
642,1465,642,1HTWGAAT96J346882,6/1/2018 17:19,2689223.953,251957.7652,2689260.848,251953.147,521927
643,1465,643,1HTWGAAT96J346882,6/1/2018 17:19,2689224.696,251932.2762,2689257.718,251928.1428,521927
644,1465,644,1HTWGAAT96J346882,6/1/2018 17:31,2689178.892,251387.9302,2689183.77,251387.2617,520791
645,1465,645,1HTWGAAT96J346882,6/1/2018 17:31,2689178.892,251387.9302,2689183.77,251387.2617,520791
646,1465,646,1HTWGAAT96J346882,6/1/2018 17:46,2689096.783,250838.8822,2689107.772,250837.3474,522040
647,1465,647,1HTWGAAT96J346882,6/1/2018 17:46,2689097.526,250813.3932,2689104.294,250812.4479,522040
648,1465,648,1HTWGAAT96J346882,6/1/2018 17:56,2689239.323,250660.8169,2689250.713,250659.3013,522039
649,1465,649,1HTWGAAT96J346882,6/1/2018 17:56,2689238.474,250689.9471,2689254.507,250687.8137,522039
650,1465,650,1HTWGAAT96J346882,6/1/2018 18:07,2689449.966,251031.3932,2689450.643,251036.326,521948
651,1465,651,1HTWGAAT96J346882,6/1/2018 18:08,2689547.246,251059.7396,2689539.082,251024.18,520796
652,1465,652,1HTWGAAT96J346882,6/1/2018 18:08,2689532.172,251576.8011,2689532.616,251580.3561,520817
653,1465,653,1HTWGAAT96J346882,6/1/2018 18:08,2689272.924,251623.9101,2689271.655,251614.6578,520816
654,1465,654,1HTWGAAT96J346882,6/1/2018 18:09,2689132.151,251645.3186,2689130.614,251632.6504,521931
655,1465,655,1HTWGAAT96J346882,6/1/2018 18:09,2689073.338,251643.605,2689072.859,251639.6574,521931
656,1465,656,1HTWGAAT96J346882,6/1/2018 18:11,2688686.423,251165.8562,2688688.09,251165.6277,520651
657,1465,657,1HTWGAAT96J346882,6/1/2018 18:11,2688687.165,251140.3672,2688684.67,251140.725,520652
658,1465,658,1HTWGAAT96J346882,6/1/2018 18:11,2688638.211,250800.0155,2688635.862,250800.3523,520652
659,1465,659,1HTWGAAT96J346882,6/1/2018 18:12,2688587.665,250514.2831,2688595.204,250513.2503,522061
660,1465,660,1HTWGAAT96J346882,6/1/2018 18:12,2688558.313,250174.5024,2688550.666,250175.4414,520920
661,1465,661,1HTWGAAT96J346882,6/1/2018 18:13,2688941.614,250007.09,2688939.041,249989.7845,520885
662,1465,662,1HTWGAAT96J346882,6/1/2018 18:13,2689079.596,249985.5988,2689077.643,249970.7135,520886
663,1465,663,1HTWGAAT96J346882,6/1/2018 18:13,2689380.13,249965.2011,2689387.675,249930.0322,520869
664,1465,664,1HTWGAAT96J346882,6/1/2018 18:14,2689430.562,250254.5764,2689434.388,250254.1004,520867
665,1465,665,1HTWGAAT96J346882,6/1/2018 18:14,2689465.781,250488.8427,2689465.875,250488.8296,522038
666,1465,666,1HTWGAAT96J346882,6/1/2018 18:14,2689517.059,250749.0879,2689502.137,250750.7701,522038
667,1465,667,1HTWGAAT96J346882,6/1/2018 18:14,2689498.198,250723.0275,2689498.294,250723.0141,522038
668,1465,668,1HTWGAAT96J346882,6/1/2018 18:15,2689498.198,250723.0275,2689502.137,250750.7701,522035
669,1465,669,1HTWGAAT96J346882,6/1/2018 18:23,2689637.49,250752.599,2689634.576,250732.0186,522035
670,1465,670,1HTWGAAT96J346882,6/1/2018 18:24,2689595.479,250751.3741,2689593.561,250737.8257,522035
671,1465,671,1HTWGAAT96J346882,6/1/2018 18:28,2689953.226,250787.3173,2689962.246,250785.9642,522032
672,1465,672,1HTWGAAT96J346882,6/1/2018 18:28,2689922.301,250502.1541,2689922.111,250502.1801,520800
673,1465,673,1HTWGAAT96J346882,6/1/2018 18:28,2689872.618,250187.2889,2689879.425,250186.3955,520065
674,1465,674,1HTWGAAT96J346882,6/1/2018 18:28,2689840.947,249927.6147,2689846.445,249926.8934,520072
675,1465,675,1HTWGAAT96J346882,6/1/2018 18:29,2689756.682,249356.6352,2689766.717,249355.2204,520097
676,1465,676,1HTWGAAT96J346882,6/1/2018 18:29,2689378.565,249345.6124,2689377.634,249338.7563,520100
677,1465,677,1HTWGAAT96J346882,6/1/2018 18:29,2689057.781,249387.2866,2689057.366,249384.3605,520895
678,1465,678,1HTWGAAT96J346882,6/1/2018 18:30,2688837.829,249431.9013,2688835.617,249414.9629,520894
679,1465,679,1HTWGAAT96J346882,6/1/2018 18:30,2688476.245,249527.0603,2688459.655,249529.5005,520921
680,1465,680,1HTWGAAT96J346882,6/1/2018 18:30,2688524.569,249889.2594,2688513.719,249890.7271,521455
681,1465,681,1HTWGAAT96J346882,6/1/2018 18:31,2688879.997,250005.2953,2688879.018,249998.7109,520885
682,1465,682,1HTWGAAT96J346882,6/1/2018 18:31,2688983.901,249902.635,2688978.052,249903.4902,520928
683,1465,683,1HTWGAAT96J346882,6/1/2018 18:32,2688983.901,249902.635,2688978.052,249903.4902,520928
684,1465,684,1HTWGAAT96J346882,6/1/2018 18:35,2688829.558,249715.9212,2688829.523,249715.6668,520933
685,1465,685,1HTWGAAT96J346882,6/1/2018 18:35,2688789.498,249743.9095,2688786.466,249721.4901,520933
686,1465,686,1HTWGAAT96J346882,6/1/2018 18:41,2688900.359,249306.1695,2688897.94,249306.517,520930
687,1465,687,1HTWGAAT96J346882,6/1/2018 18:41,2688901.101,249280.6805,2688894.367,249281.6479,520930
688,1465,688,1HTWGAAT96J346882,6/1/2018 18:55,2688834.765,248863.2905,2688829.777,248832.0495,520880
689,1465,689,1HTWGAAT96J346882,6/1/2018 18:55,2688895.069,248814.0256,2688896.271,248821.8971,520881
690,1465,690,1HTWGAAT96J346882,6/1/2018 18:56,2689280.811,249237.0769,2689292.084,249235.3532,520871
691,1465,691,1HTWGAAT96J346882,6/1/2018 18:56,2689238.522,249341.5313,2689240.886,249357.9128,520896
692,1465,692,1HTWGAAT96J346882,6/1/2018 18:57,2688818.223,249431.3303,2688816.413,249417.4711,520894
693,1465,693,1HTWGAAT96J346882,6/1/2018 18:57,2688717.392,249428.3941,2688717.59,249430.0482,520893
694,1465,694,1HTWGAAT96J346882,6/1/2018 19:01,2688517.789,249448.0936,2688519.189,249457.2192,520892
695,1465,695,1HTWGAAT96J346882,6/1/2018 19:02,2688517.789,249448.0936,2688519.189,249457.2192,520892
696,1465,696,1HTWGAAT96J346882,6/1/2018 19:03,2688562.023,250047.0575,2688535.243,250049.8355,521370
697,1465,697,1HTWGAAT96J346882,6/1/2018 19:04,2688820.438,250029.0713,2688817.288,250007.891,520885
698,1465,698,1HTWGAAT96J346882,6/1/2018 19:04,2689020.037,250009.3743,2689016.025,249978.7988,520886
699,1465,699,1HTWGAAT96J346882,6/1/2018 19:04,2689321.313,249963.4869,2689318.121,249939.1589,520886
700,1465,700,1HTWGAAT96J346882,6/1/2018 19:05,2689446.175,250488.2712,2689444.995,250479.5169,520848
701,1465,701,1HTWGAAT96J346882,6/1/2018 19:05,2689242.294,250558.8611,2689237.435,250559.5076,522039
702,1465,702,1HTWGAAT96J346882,6/1/2018 19:05,2689276.771,250818.6161,2689271.996,250819.2514,522039
703,1465,703,1HTWGAAT96J346882,6/1/2018 19:06,2689291.813,250975.7624,2689292.804,250975.6305,522039
704,1465,704,1HTWGAAT96J346882,6/1/2018 19:06,2689310.675,251001.8227,2689337.089,251051.9214,521948
705,1465,705,1HTWGAAT96J346882,6/1/2018 19:17,2689969.578,250995.5236,2689988.316,250959.7349,522032
706,1465,706,1HTWGAAT96J346882,6/1/2018 19:17,2690006.557,251073.1342,2690004.213,251073.4618,521953
707,1465,707,1HTWGAAT96J346882,6/1/2018 19:17,2690054.748,251438.9775,2690053.359,251439.1676,520799
708,1465,708,1HTWGAAT96J346882,6/1/2018 19:17,2690126.935,251750.8556,2690097.141,251755.0298,521919
709,1465,709,1HTWGAAT96J346882,6/1/2018 19:18,2690138.996,252009.9581,2690132.502,252010.8519,521918
710,1465,710,1HTWGAAT96J346882,6/1/2018 19:18,2690138.252,252035.447,2690135.931,252035.7665,521918
711,1465,711,1HTWGAAT96J346882,6/1/2018 19:19,2690556.28,252022.1372,2690590.942,252027.445,521865
712,1465,712,1HTWGAAT96J346882,6/1/2018 19:19,2690593.256,252099.7487,2690600.163,252098.8568,521865
713,1465,713,1HTWGAAT96J346882,6/1/2018 19:19,2690645.724,252414.6971,2690643.826,252414.9245,521863
714,1465,714,1HTWGAAT96J346882,6/1/2018 19:20,2690697.73,252649.4559,2690679.774,252651.7496,521834
715,1465,715,1HTWGAAT96J346882,6/1/2018 19:20,2690779.902,253194.868,2690750.521,253199.1623,520618
716,1465,716,1HTWGAAT96J346882,6/1/2018 19:20,2690816.591,253378.1585,2690777.518,253383.8694,520618
717,1465,717,1HTWGAAT96J346882,6/1/2018 19:21,2690812.869,253505.6031,2690795.678,253508.1157,520618
718,1465,718,1HTWGAAT96J346882,6/1/2018 19:21,2690846.012,253714.3007,2690826.235,253717.1893,520617
719,1465,719,1HTWGAAT96J346882,6/1/2018 19:22,2690891.205,254182.1014,2690889.037,254182.3496,520616
720,1465,720,1HTWGAAT96J346882,6/1/2018 19:22,2690962.521,254523.1121,2690936.454,254526.8354,520615
721,1465,721,1HTWGAAT96J346882,6/1/2018 19:22,2690995.661,254731.81,2690966.33,254735.9995,520615
722,1465,722,1HTWGAAT96J346882,6/1/2018 19:23,2691388.082,254921.8528,2691372.846,254912.568,621217
723,1465,723,1HTWGAAT96J346882,6/1/2018 19:23,2691096.388,255408.9636,2691074.843,255395.8701,621234
724,1465,724,1HTWGAAT96J346882,6/1/2018 19:23,2690823.207,255838.3081,2690808.744,255829.2942,620261
725,1465,725,1HTWGAAT96J346882,6/1/2018 19:23,2690615.998,256120.1623,2690618.74,256122.1731,620259
726,1465,726,1HTWGAAT96J346882,6/1/2018 19:24,2690594.908,256170.5678,2690587.332,256165.0131,620259
727,1465,727,1HTWGAAT96J346882,6/1/2018 19:24,2690055.746,256880.0604,2690053.451,256878.3477,621867
728,1465,728,1HTWGAAT96J346882,6/1/2018 19:25,2689874.314,256951.2987,2689954.406,257011.0684,621867
729,1465,729,1HTWGAAT96J346882,6/1/2018 19:25,2689718.431,256819.1984,2689912.466,257067.2676,621867
730,1465,730,1HTWGAAT96J346882,6/1/2018 19:25,2689595.8,256892.1539,2689912.466,257067.2676,621867
731,1465,731,1HTWGAAT96J346882,6/1/2018 19:26,2689307.984,257248.1997,2689912.466,257067.2676,621867
732,1465,732,1HTWGAAT96J346882,6/1/2018 19:26,2689344.954,257325.8093,2689912.466,257067.2676,621867
733,1465,733,1HTWGAAT96J346882,6/1/2018 19:31,2689542.265,257382.5835,2689912.466,257067.2676,621867
734,1466,0,1HTWGAAT96J346882,6/1/2018 19:42,2689542.265,257382.5835,2689912.466,257067.2676,621867
735,1466,1,1HTWGAAT96J346882,6/1/2018 19:42,2689909.69,257083.5284,2689903.688,257079.062,621867
736,1466,2,1HTWGAAT96J346882,6/1/2018 19:42,2689911.177,257032.5505,2689928.646,257045.5867,621867
737,1466,3,1HTWGAAT96J346882,6/1/2018 19:43,2690428.499,256398.9492,2690418.48,256391.3561,621867
738,1466,4,1HTWGAAT96J346882,6/1/2018 19:43,2690448.844,256374.0325,2690437.896,256365.7359,621867
739,1466,5,1HTWGAAT96J346882,6/1/2018 19:43,2690429.243,256373.4603,2690431.021,256374.8076,621867
740,1466,6,1HTWGAAT96J346882,6/1/2018 19:44,2691300.344,256581.1266,2691292.14,256596.769,621235
741,1466,7,1HTWGAAT96J346882,6/1/2018 19:45,2691808.553,256931.2705,2691809.203,256930.3066,620287
742,1466,8,1HTWGAAT96J346882,6/1/2018 19:45,2692297.895,257255.3622,2692303.507,257246.7277,620284
743,1466,9,1HTWGAAT96J346882,6/1/2018 19:45,2692689.412,257474.5558,2692678.839,257490.7766,620361
744,1466,10,1HTWGAAT96J346882,6/1/2018 19:45,2693137.48,257771.9453,2693131.161,257782.1303,621246
745,1466,11,1HTWGAAT96J346882,6/1/2018 19:46,2693646.28,258100.2794,2693638.73,258112.2423,620357
746,1466,12,1HTWGAAT96J346882,6/1/2018 19:46,2694155.174,258424.9827,2694178.693,258455.0365,620353
747,1466,13,1HTWGAAT96J346882,6/1/2018 19:46,2694625.606,258723.0566,2694617.362,258735.8794,620350
748,1466,14,1HTWGAAT96J346882,6/1/2018 19:46,2694721.246,258806.0422,2694722.784,258803.6489,620350
749,1466,15,1HTWGAAT96J346882,6/1/2018 19:47,2694800.943,258859.4048,2694803.455,258855.4829,620348
750,1466,16,1HTWGAAT96J346882,6/1/2018 19:47,2695114.768,259050.8453,2695112.902,259053.7572,620348
751,1466,17,1HTWGAAT96J346882,6/1/2018 19:48,2695543.93,259322.2137,2695543.6,259322.7459,620347
752,1466,18,1HTWGAAT96J346882,6/1/2018 19:48,2695953.484,259593.0129,2695955.626,259589.7147,621249
753,1466,19,1HTWGAAT96J346882,6/1/2018 19:48,2696228.847,259757.8257,2696225.479,259763.5037,620453
754,1466,20,1HTWGAAT96J346882,6/1/2018 19:48,2696567.609,259767.799,2696567.866,259769.9653,640766
755,1466,21,1HTWGAAT96J346882,6/1/2018 19:49,2696627.26,259740.4004,2696629.897,259762.5945,640766
756,1466,22,1HTWGAAT96J346882,6/1/2018 19:49,2696627.26,259740.4004,2696629.897,259762.5945,640766
757,1466,23,1HTWGAAT96J346882,6/1/2018 19:50,2696613.156,258887.1938,2696628.25,258883.7115,640958
758,1466,24,1HTWGAAT96J346882,6/1/2018 19:50,2696530.697,258261.5721,2696543.85,258259.6977,641056
759,1466,25,1HTWGAAT96J346882,6/1/2018 19:51,2696514.85,258133.5513,2696525.654,258132.0117,641056
760,1466,26,1HTWGAAT96J346882,6/1/2018 19:51,2696450.175,257665.1632,2696465.931,257663.1861,641165
761,1466,27,1HTWGAAT96J346882,6/1/2018 19:51,2696383.555,257167.5629,2696395.886,257165.6881,641279
762,1466,28,1HTWGAAT96J346882,6/1/2018 19:51,2696300.024,256673.1096,2696325.005,256670.0414,641364
763,1466,29,1HTWGAAT96J346882,6/1/2018 19:52,2696233.289,256179.1509,2696256.087,256176.1143,641515
764,1466,30,1HTWGAAT96J346882,6/1/2018 19:52,2696188.953,255685.8517,2696190.695,255685.6188,641615
765,1466,31,1HTWGAAT96J346882,6/1/2018 19:52,2696158.108,255400.6806,2696152.703,255401.403,641615
766,1466,32,1HTWGAAT96J346882,6/1/2018 19:52,2696087.616,255034.1662,2696104.109,255032.0159,641755
767,1466,33,1HTWGAAT96J346882,6/1/2018 19:53,2696040.916,254620.9747,2696048.298,254619.8552,641940
768,1466,34,1HTWGAAT96J346882,6/1/2018 19:53,2695992.822,254255.1197,2695992.983,254255.0953,641940
769,1466,35,1HTWGAAT96J346882,6/1/2018 19:53,2695923.073,253863.117,2695937.234,253861.1752,540010
770,1466,36,1HTWGAAT96J346882,6/1/2018 19:53,2695857.622,253420.2193,2695876.056,253417.6432,540023
771,1466,37,1HTWGAAT96J346882,6/1/2018 19:54,2695792.365,252875.2845,2695798.125,252874.4969,540197
772,1466,38,1HTWGAAT96J346882,6/1/2018 19:54,2695727.657,252406.8984,2695734.063,252406.0224,540197
773,1466,39,1HTWGAAT96J346882,6/1/2018 19:54,2695677.946,252095.6628,2695695.228,252093.5386,540321
774,1466,40,1HTWGAAT96J346882,6/1/2018 19:54,2695642.789,251861.3876,2695660.457,251858.9979,540433
775,1466,41,1HTWGAAT96J346882,6/1/2018 19:55,2695614.286,251496.1097,2695612.611,251496.3302,540600
776,1466,42,1HTWGAAT96J346882,6/1/2018 19:55,2695567.675,251079.278,2695554.526,251081.187,540818
777,1466,43,1HTWGAAT96J346882,6/1/2018 19:56,2695501.654,250559.8328,2695481.272,250562.5757,541018
778,1466,44,1HTWGAAT96J346882,6/1/2018 19:56,2695432.33,250248.0214,2695438.823,250247.1476,541018
779,1466,45,1HTWGAAT96J346882,6/1/2018 19:56,2695367.051,249703.0878,2695364.545,249703.437,541225
780,1466,46,1HTWGAAT96J346882,6/1/2018 19:56,2695300.825,249285.6805,2695303.575,249285.2777,541444
781,1466,47,1HTWGAAT96J346882,6/1/2018 19:57,2695254.203,248868.8495,2695245.758,248869.9832,541659
782,1466,48,1HTWGAAT96J346882,6/1/2018 19:57,2695169.309,248323.3404,2695172.396,248322.927,541897
783,1466,49,1HTWGAAT96J346882,6/1/2018 19:57,2695102.325,247931.4224,2695119.857,247929.1952,542163
784,1466,50,1HTWGAAT96J346882,6/1/2018 19:57,2695036.282,247411.9785,2695053.787,247409.5076,543626
785,1466,51,1HTWGAAT96J346882,6/1/2018 19:58,2694973.036,246892.617,2694980.677,246891.5386,543626
786,1466,52,1HTWGAAT96J346882,6/1/2018 19:58,2694889.73,246292.4901,2694896.053,246291.6117,542767
787,1466,53,1HTWGAAT96J346882,6/1/2018 19:58,2694876.216,246084.3629,2694867.431,246085.5832,542767
788,1466,54,1HTWGAAT96J346882,6/1/2018 19:58,2694861.204,245927.2132,2694845.729,245929.3631,542767
789,1466,55,1HTWGAAT96J346882,6/1/2018 19:59,2694812.213,245590.4907,2694797.991,245592.5462,542926
790,1466,56,1HTWGAAT96J346882,6/1/2018 19:59,2694710.784,244938.8112,2694712.496,244938.5741,543117
791,1466,57,1HTWGAAT96J346882,6/1/2018 20:00,2694647.522,244419.4506,2694647.779,244419.4212,543283
792,1466,58,1HTWGAAT96J346882,6/1/2018 20:00,2694562.593,243873.9437,2694577.98,243871.8627,440001
793,1466,59,1HTWGAAT96J346882,6/1/2018 20:00,2694544.585,243818.7494,2694570.326,243815.2681,440001
794,1466,60,1HTWGAAT96J346882,6/1/2018 20:01,2694414.493,242805.4359,2694432.301,242803.1397,440111
795,1466,61,1HTWGAAT96J346882,6/1/2018 20:01,2694382.856,242545.756,2694397.182,242543.6842,440161
796,1466,62,1HTWGAAT96J346882,6/1/2018 20:02,2694234.737,241477.2494,2694249.242,241489.0829,441247
797,1466,63,1HTWGAAT96J346882,6/1/2018 20:02,2694182.923,241140.4459,2694202.072,241137.7544,440257
798,1466,64,1HTWGAAT96J346882,6/1/2018 20:02,2694167.903,240983.2967,2694180.599,240981.6401,440836
799,1466,65,1HTWGAAT96J346882,6/1/2018 20:03,2694105.362,240438.4488,2694105.957,240438.3652,440838
800,1466,66,1HTWGAAT96J346882,6/1/2018 20:03,2694056.346,240101.7279,2694057.952,240101.4741,440841
801,1466,67,1HTWGAAT96J346882,6/1/2018 20:03,2694037.774,239969.9854,2694041.499,239969.5457,440843
802,1466,68,1HTWGAAT96J346882,6/1/2018 20:03,2694037.774,239969.9854,2694041.499,239969.5457,440843
803,1466,69,1HTWGAAT96J346882,6/1/2018 20:04,2693954.865,239450.0516,2693947.397,239451.0526,423065
804,1466,70,1HTWGAAT96J346882,6/1/2018 20:04,2693905.951,239109.6897,2693901.721,239110.2565,423065
805,1466,71,1HTWGAAT96J346882,6/1/2018 20:04,2693870.751,238875.4171,2693870.256,238875.4836,423065
806,1466,72,1HTWGAAT96J346882,6/1/2018 20:05,2693752.34,238226.8901,2693782.781,238222.8103,423276
807,1466,73,1HTWGAAT96J346882,6/1/2018 20:05,2693310.166,238290.4669,2693316.043,238289.5433,422998
808,1466,74,1HTWGAAT96J346882,6/1/2018 20:05,2693051.625,238308.4063,2693020.547,238373.0872,422962
809,1466,75,1HTWGAAT96J346882,6/1/2018 20:06,2692940.941,238640.4489,2692929.101,238642.9573,422962
810,1466,76,1HTWGAAT96J346882,6/1/2018 20:06,2693139.036,238675.4041,2693135.402,238675.2307,422962
811,1466,77,1HTWGAAT96J346882,6/1/2018 20:06,2692831.003,238276.4369,2692831.815,238280.4238,422964
812,1466,78,1HTWGAAT96J346882,6/1/2018 20:06,2691930.598,238377.6509,2691934.837,238411.2383,422082
813,1466,79,1HTWGAAT96J346882,6/1/2018 20:07,2691431.54,238468.7531,2691432.609,238476.7858,422082
814,1466,80,1HTWGAAT96J346882,6/1/2018 20:07,2689849.222,238681.3275,2689849.127,238588.467,422290
815,1466,81,1HTWGAAT96J346882,6/1/2018 20:07,2688987.969,238787.4335,2688988.699,238794.225,422301
816,1466,82,1HTWGAAT96J346882,6/1/2018 20:07,2688403.223,239029.1646,2688419.504,239042.7226,422296
817,1466,83,1HTWGAAT96J346882,6/1/2018 20:08,2688132.15,239382.0716,2688123.172,239390.0519,422296
818,1466,84,1HTWGAAT96J346882,6/1/2018 20:08,2688243.507,239024.5186,2688222.265,239009.5292,422365
819,1466,85,1HTWGAAT96J346882,6/1/2018 20:08,2688640.644,238387.3763,2688638.179,238386.3198,422365
820,1466,86,1HTWGAAT96J346882,6/1/2018 20:08,2688722.909,237584.3661,2688716.515,237573.7094,423170
821,1466,87,1HTWGAAT96J346882,6/1/2018 20:09,2688722.909,237584.3661,2688716.515,237573.7094,423170
822,1466,88,1HTWGAAT96J346882,6/1/2018 20:09,2688226.265,235470.7649,2688121.933,235528.4181,423374
823,1466,89,1HTWGAAT96J346882,6/1/2018 20:09,2687589.22,234807.1957,2687584.696,234812.2367,422334
824,1466,90,1HTWGAAT96J346882,6/1/2018 20:10,2687020.411,234400.7296,2687022.565,234397.9986,322825
825,1466,91,1HTWGAAT96J346882,6/1/2018 20:10,2686614.134,233998.9923,2686620.678,233992.7096,322825
826,1466,92,1HTWGAAT96J346882,6/1/2018 20:10,2686054.004,233388.7176,2686058.314,233384.8682,322823
827,1466,93,1HTWGAAT96J346882,6/1/2018 20:10,2685571.69,232802.5768,2685527.258,232824.381,323612
828,1466,94,1HTWGAAT96J346882,6/1/2018 20:11,2685132.027,232195.8148,2685131.272,232196.3565,323651
829,1466,95,1HTWGAAT96J346882,6/1/2018 20:11,2684690.382,231559.8491,2684679.846,231567.4114,323651
830,1466,96,1HTWGAAT96J346882,6/1/2018 20:11,2684152.821,230844.5876,2684158.244,230840.6949,323651
831,1466,97,1HTWGAAT96J346882,6/1/2018 20:11,2683600.13,229972.195,2683543.119,229992.816,322945
832,1466,98,1HTWGAAT96J346882,6/1/2018 20:12,2683486.9,229035.9736,2683475.788,229040.3332,323651
833,1466,99,1HTWGAAT96J346882,6/1/2018 20:12,2683651.673,228187.9579,2683654.182,228189.909,323656
834,1466,100,1HTWGAAT96J346882,6/1/2018 20:12,2684209.375,227529.872,2684200.556,227521.855,323431
835,1466,101,1HTWGAAT96J346882,6/1/2018 20:12,2684829.769,226742.4153,2684841.236,226751.028,323586
836,1466,102,1HTWGAAT96J346882,6/1/2018 20:13,2685472.674,225857.2276,2685483.663,225863.8431,322966
837,1466,103,1HTWGAAT96J346882,6/1/2018 20:13,2686014.647,225067.5275,2686017.745,225069.2709,322962
838,1466,104,1HTWGAAT96J346882,6/1/2018 20:13,2686164.538,224736.5917,2686180.184,224683.596,220408
839,1466,105,1HTWGAAT96J346882,6/1/2018 20:13,2685648.921,224615.9656,2685659.462,224549.813,220484
840,1466,106,1HTWGAAT96J346882,6/1/2018 20:14,2684817.114,224464.3348,2684833.829,224399.37,221051
841,1466,107,1HTWGAAT96J346882,6/1/2018 20:14,2683947.03,224180.4298,2683949.256,224171.7792,221051
842,1466,108,1HTWGAAT96J346882,6/1/2018 20:14,2683134.335,223949.233,2683132.628,223955.5685,220487
843,1466,109,1HTWGAAT96J346882,6/1/2018 20:14,2682165.349,223688.0477,2682163.632,223694.4155,220487
844,1466,110,1HTWGAAT96J346882,6/1/2018 20:15,2681372.982,223431.9852,2681382.76,223411.9643,220487
845,1466,111,1HTWGAAT96J346882,6/1/2018 20:15,2681255.956,223403.106,2681269.185,223365.3135,220487
846,1466,112,1HTWGAAT96J346882,6/1/2018 20:15,2681255.956,223403.106,2681269.185,223365.3135,220487
847,1466,113,1HTWGAAT96J346882,6/1/2018 20:15,2681017.134,223316.0573,2681023.065,223294.5224,220263
848,1466,114,1HTWGAAT96J346882,6/1/2018 20:16,2680304.591,223113.3473,2680308.868,223097.8179,220263
849,1466,115,1HTWGAAT96J346882,6/1/2018 20:16,2679630.454,222940.9156,2679638.12,222913.0804,220263
850,1466,116,1HTWGAAT96J346882,6/1/2018 20:16,2679154.529,222901.7417,2679147.495,222889.9346,220262
851,1466,117,1HTWGAAT96J346882,6/1/2018 20:16,2678627.669,223170.8829,2678621.008,223157.4265,220262
852,1466,118,1HTWGAAT96J346882,6/1/2018 20:17,2678158.97,223467.2121,2678126.738,223402.1018,220262
853,1466,119,1HTWGAAT96J346882,6/1/2018 20:17,2677916.161,223616.9597,2677872.18,223528.1144,220262
854,1466,120,1HTWGAAT96J346882,6/1/2018 20:17,2678030.045,223853.459,2677869.619,223529.3821,220262
855,1466,121,1HTWGAAT96J346882,6/1/2018 20:17,2678269.095,223834.8001,2678069.038,223430.6649,220262
856,1466,122,1HTWGAAT96J346882,6/1/2018 20:18,2678426.717,223915.8496,2678163.412,223383.9475,220262
857,1466,123,1HTWGAAT96J346882,6/1/2018 20:18,2678487.788,223841.0701,2678242.195,223344.9478,220262
858,1466,124,1HTWGAAT96J346882,6/1/2018 20:19,2678487.788,223841.0701,2678242.195,223344.9478,220262
