id,runid,runid_sequence,vin,datetime_,POINT_X,POINT_Y
0,1465,0,1HTWGAAT96J346882,2018-06-01 6:22,2678471.775,223731.9895
1,1465,1,1HTWGAAT96J346882,2018-06-01 6:22,2678471.044,223757.4789
2,1465,2,1HTWGAAT96J346882,2018-06-01 6:24,2679006.336,223878.5187
3,1465,3,1HTWGAAT96J346882,2018-06-01 6:25,2679023.037,223981.0388
4,1465,4,1HTWGAAT96J346882,2018-06-01 6:25,2679093.895,224347.504
5,1465,5,1HTWGAAT96J346882,2018-06-01 6:25,2679294.421,224302.2393
6,1465,6,1HTWGAAT96J346882,2018-06-01 6:26,2679738.492,224081.7548
7,1465,7,1HTWGAAT96J346882,2018-06-01 6:26,2680205.002,223861.9233
8,1465,8,1HTWGAAT96J346882,2018-06-01 6:26,2680731.971,223589.1741
9,1465,9,1HTWGAAT96J346882,2018-06-01 6:27,2681096.724,223395.5866
10,1465,10,1HTWGAAT96J346882,2018-06-01 6:27,2681117.189,223367.021
11,1465,11,1HTWGAAT96J346882,2018-06-01 6:28,2681790.465,223568.6237
12,1465,12,1HTWGAAT96J346882,2018-06-01 6:28,2682146.306,223684.5627
13,1465,13,1HTWGAAT96J346882,2018-06-01 6:28,2682461.663,223744.6745
14,1465,14,1HTWGAAT96J346882,2018-06-01 6:28,2682995.467,223916.7788
15,1465,15,1HTWGAAT96J346882,2018-06-01 6:29,2683572.162,224060.9786
16,1465,16,1HTWGAAT96J346882,2018-06-01 6:29,2684126.316,224208.1847
17,1465,17,1HTWGAAT96J346882,2018-06-01 6:29,2684820.015,224381.3067
18,1465,18,1HTWGAAT96J346882,2018-06-01 6:29,2685114.889,224470.0149
19,1465,19,1HTWGAAT96J346882,2018-06-01 6:30,2685215.821,224472.9361
20,1465,20,1HTWGAAT96J346882,2018-06-01 6:30,2685632.093,224536.0105
21,1465,21,1HTWGAAT96J346882,2018-06-01 6:30,2686027.261,224649.5008
22,1465,22,1HTWGAAT96J346882,2018-06-01 6:30,2686128.193,224652.4259
23,1465,23,1HTWGAAT96J346882,2018-06-01 6:34,2686960.465,224884.2903
24,1465,24,1HTWGAAT96J346882,2018-06-01 6:34,2687096.363,224939.2551
25,1465,25,1HTWGAAT96J346882,2018-06-01 6:34,2687316.264,225000.3039
26,1465,26,1HTWGAAT96J346882,2018-06-01 6:34,2687494.216,225056.4917
27,1465,27,1HTWGAAT96J346882,2018-06-01 6:34,2687494.216,225056.4917
28,1465,28,1HTWGAAT96J346882,2018-06-01 6:44,2686888.219,225246.6292
29,1465,29,1HTWGAAT96J346882,2018-06-01 6:44,2686789.354,225269.2712
30,1465,30,1HTWGAAT96J346882,2018-06-01 6:44,2686347.712,225307.4834
31,1465,31,1HTWGAAT96J346882,2018-06-01 6:45,2685923.963,225502.9288
32,1465,32,1HTWGAAT96J346882,2018-06-01 6:45,2685611.957,225909.3453
33,1465,33,1HTWGAAT96J346882,2018-06-01 6:45,2685219.989,226364.4714
34,1465,34,1HTWGAAT96J346882,2018-06-01 6:46,2684867.283,226820.7392
35,1465,35,1HTWGAAT96J346882,2018-06-01 6:46,2684514.59,227277.0122
36,1465,36,1HTWGAAT96J346882,2018-06-01 6:46,2684123.399,227706.6666
37,1465,37,1HTWGAAT96J346882,2018-06-01 6:46,2683730.749,228187.305
38,1465,38,1HTWGAAT96J346882,2018-06-01 6:47,2683555.291,228725.2429
39,1465,39,1HTWGAAT96J346882,2018-06-01 6:47,2683617.86,229375.7423
40,1465,40,1HTWGAAT96J346882,2018-06-01 6:47,2683663.261,229843.5294
41,1465,41,1HTWGAAT96J346882,2018-06-01 6:47,2683662.524,229869.0185
42,1465,42,1HTWGAAT96J346882,2018-06-01 6:48,2683661.788,229894.5077
43,1465,43,1HTWGAAT96J346882,2018-06-01 6:48,2683752.913,230236.0637
44,1465,44,1HTWGAAT96J346882,2018-06-01 6:49,2683749.967,230338.0202
45,1465,45,1HTWGAAT96J346882,2018-06-01 6:50,2683913.68,230885.7576
46,1465,46,1HTWGAAT96J346882,2018-06-01 6:50,2683949.132,231017.9788
47,1465,47,1HTWGAAT96J346882,2018-06-01 6:52,2684143.022,231880.0037
48,1465,48,1HTWGAAT96J346882,2018-06-01 6:52,2684308.925,232351.2767
49,1465,49,1HTWGAAT96J346882,2018-06-01 6:52,2684327.07,232402.8222
50,1465,50,1HTWGAAT96J346882,2018-06-01 6:53,2683987.343,233092.7129
51,1465,51,1HTWGAAT96J346882,2018-06-01 6:53,2683881.039,233373.8987
52,1465,52,1HTWGAAT96J346882,2018-06-01 6:54,2684151.765,233614.9631
53,1465,53,1HTWGAAT96J346882,2018-06-01 6:54,2684234.516,233566.335
54,1465,54,1HTWGAAT96J346882,2018-06-01 6:55,2684814.181,233502.9289
55,1465,55,1HTWGAAT96J346882,2018-06-01 6:55,2685305.462,233779.5452
56,1465,56,1HTWGAAT96J346882,2018-06-01 6:55,2685695.943,234049.6056
57,1465,57,1HTWGAAT96J346882,2018-06-01 6:56,2686005.728,234393.8645
58,1465,58,1HTWGAAT96J346882,2018-06-01 6:56,2686179.813,234581.1295
59,1465,59,1HTWGAAT96J346882,2018-06-01 6:56,2686179.813,234581.1295
60,1465,60,1HTWGAAT96J346882,2018-06-01 6:56,2686199.43,234581.6984
61,1465,61,1HTWGAAT96J346882,2018-06-01 6:57,2685780.469,235294.7784
62,1465,62,1HTWGAAT96J346882,2018-06-01 6:58,2685990.826,235585.1351
63,1465,63,1HTWGAAT96J346882,2018-06-01 6:58,2686062.537,235820.4525
64,1465,64,1HTWGAAT96J346882,2018-06-01 6:58,2686061.059,235871.4307
65,1465,65,1HTWGAAT96J346882,2018-06-01 6:59,2686061.059,235871.4307
66,1465,66,1HTWGAAT96J346882,2018-06-01 6:59,2686106.874,236419.4116
67,1465,67,1HTWGAAT96J346882,2018-06-01 7:00,2686106.874,236419.4116
68,1465,68,1HTWGAAT96J346882,2018-06-01 7:00,2686192.178,236862.852
69,1465,69,1HTWGAAT96J346882,2018-06-01 7:00,2686217.892,237330.0748
70,1465,70,1HTWGAAT96J346882,2018-06-01 7:01,2686272.782,237564.9054
71,1465,71,1HTWGAAT96J346882,2018-06-01 7:01,2686305.992,237773.5966
72,1465,72,1HTWGAAT96J346882,2018-06-01 7:01,2686297.754,238057.617
73,1465,73,1HTWGAAT96J346882,2018-06-01 7:01,2686249.547,238365.9887
74,1465,74,1HTWGAAT96J346882,2018-06-01 7:02,2686199.756,238728.9798
75,1465,75,1HTWGAAT96J346882,2018-06-01 7:02,2686176.6,238753.8187
76,1465,76,1HTWGAAT96J346882,2018-06-01 7:03,2686077.129,239476.1601
77,1465,77,1HTWGAAT96J346882,2018-06-01 7:03,2686030.405,239733.5542
78,1465,78,1HTWGAAT96J346882,2018-06-01 7:03,2686028.926,239784.5322
79,1465,79,1HTWGAAT96J346882,2018-06-01 7:04,2685907.047,240506.2243
80,1465,80,1HTWGAAT96J346882,2018-06-01 7:04,2685859.481,240792.749
81,1465,81,1HTWGAAT96J346882,2018-06-01 7:04,2685653.057,241045.5142
82,1465,82,1HTWGAAT96J346882,2018-06-01 7:05,2685346.512,241269.8697
83,1465,83,1HTWGAAT96J346882,2018-06-01 7:05,2685211.645,241859.9916
84,1465,84,1HTWGAAT96J346882,2018-06-01 7:05,2684969.326,242578.1988
85,1465,85,1HTWGAAT96J346882,2018-06-01 7:05,2684688.28,243375.4626
86,1465,86,1HTWGAAT96J346882,2018-06-01 7:06,2684553.587,243863.5509
87,1465,87,1HTWGAAT96J346882,2018-06-01 7:06,2684532.501,243913.9616
88,1465,88,1HTWGAAT96J346882,2018-06-01 7:06,2684532.501,243913.9616
89,1465,89,1HTWGAAT96J346882,2018-06-01 7:07,2685678.956,244311.6038
90,1465,90,1HTWGAAT96J346882,2018-06-01 7:08,2686013.65,244372.3294
91,1465,91,1HTWGAAT96J346882,2018-06-01 7:08,2686073.064,244450.5842
92,1465,92,1HTWGAAT96J346882,2018-06-01 7:09,2686024.939,245433.1639
93,1465,93,1HTWGAAT96J346882,2018-06-01 7:09,2686143.4,246085.2952
94,1465,94,1HTWGAAT96J346882,2018-06-01 7:09,2686208.79,246633.8456
95,1465,95,1HTWGAAT96J346882,2018-06-01 7:09,2686223.96,246787.3485
96,1465,96,1HTWGAAT96J346882,2018-06-01 7:10,2686240.505,246893.515
97,1465,97,1HTWGAAT96J346882,2018-06-01 7:10,2686286.544,247335.8179
98,1465,98,1HTWGAAT96J346882,2018-06-01 7:10,2686305.994,247438.4243
99,1465,99,1HTWGAAT96J346882,2018-06-01 7:10,2686325.602,247438.9932
100,1465,100,1HTWGAAT96J346882,2018-06-01 7:11,2686473.269,248532.9418
101,1465,101,1HTWGAAT96J346882,2018-06-01 7:11,2686488.437,248686.4448
102,1465,102,1HTWGAAT96J346882,2018-06-01 7:12,2686681.278,248899.7718
103,1465,103,1HTWGAAT96J346882,2018-06-01 7:12,2686801.717,248903.2688
104,1465,104,1HTWGAAT96J346882,2018-06-01 7:13,2687280.836,248815.1447
105,1465,105,1HTWGAAT96J346882,2018-06-01 7:13,2687439.748,248845.2736
106,1465,106,1HTWGAAT96J346882,2018-06-01 7:13,2687489.57,249156.4924
107,1465,107,1HTWGAAT96J346882,2018-06-01 7:13,2687505.944,249364.6971
108,1465,108,1HTWGAAT96J346882,2018-06-01 7:14,2687256.076,249667.206
109,1465,109,1HTWGAAT96J346882,2018-06-01 7:14,2687152.757,249846.4218
110,1465,110,1HTWGAAT96J346882,2018-06-01 7:14,2687067.725,249975.1483
111,1465,111,1HTWGAAT96J346882,2018-06-01 7:15,2687004.466,250126.3737
112,1465,112,1HTWGAAT96J346882,2018-06-01 7:15,2686813.901,250510.7853
113,1465,113,1HTWGAAT96J346882,2018-06-01 7:15,2686812.42,250561.7632
114,1465,114,1HTWGAAT96J346882,2018-06-01 7:16,2686470.516,251331.7289
115,1465,115,1HTWGAAT96J346882,2018-06-01 7:16,2686404.938,251563.0644
116,1465,116,1HTWGAAT96J346882,2018-06-01 7:16,2686324.619,252205.7846
117,1465,117,1HTWGAAT96J346882,2018-06-01 7:17,2686311.831,252646.3808
118,1465,118,1HTWGAAT96J346882,2018-06-01 7:17,2686435.26,253222.1277
119,1465,119,1HTWGAAT96J346882,2018-06-01 7:17,2686451.903,253324.6531
120,1465,120,1HTWGAAT96J346882,2018-06-01 7:17,2686471.506,253325.2219
121,1465,121,1HTWGAAT96J346882,2018-06-01 7:18,2686523.283,253665.6507
122,1465,122,1HTWGAAT96J346882,2018-06-01 7:18,2686364.555,254306.0947
123,1465,123,1HTWGAAT96J346882,2018-06-01 7:18,2686305.797,254978.5956
124,1465,124,1HTWGAAT96J346882,2018-06-01 7:19,2686260.57,255185.0112
125,1465,125,1HTWGAAT96J346882,2018-06-01 7:19,2686238.168,255184.3609
126,1465,126,1HTWGAAT96J346882,2018-06-01 7:23,2686291.529,255470.1701
127,1465,127,1HTWGAAT96J346882,2018-06-01 7:23,2686390.275,255447.5258
128,1465,128,1HTWGAAT96J346882,2018-06-01 7:27,2686734.278,255278.9411
129,1465,129,1HTWGAAT96J346882,2018-06-01 7:27,2686735.864,255224.3218
130,1465,130,1HTWGAAT96J346882,2018-06-01 7:31,2686670.994,254755.9596
131,1465,131,1HTWGAAT96J346882,2018-06-01 7:31,2686651.393,254755.3903
132,1465,132,1HTWGAAT96J346882,2018-06-01 7:33,2686382.572,254361.2829
133,1465,133,1HTWGAAT96J346882,2018-06-01 7:33,2686418.076,254489.8663
134,1465,134,1HTWGAAT96J346882,2018-06-01 7:38,2686430.912,254723.478
135,1465,135,1HTWGAAT96J346882,2018-06-01 7:38,2686430.912,254723.478
136,1465,136,1HTWGAAT96J346882,2018-06-01 7:48,2686515.863,255272.5983
137,1465,137,1HTWGAAT96J346882,2018-06-01 7:49,2686495.521,255297.5182
138,1465,138,1HTWGAAT96J346882,2018-06-01 7:52,2686236.688,255235.3392
139,1465,139,1HTWGAAT96J346882,2018-06-01 7:52,2686341.195,255110.8201
140,1465,140,1HTWGAAT96J346882,2018-06-01 7:54,2686444.223,255037.2792
141,1465,141,1HTWGAAT96J346882,2018-06-01 7:54,2686483.426,255038.4173
142,1465,142,1HTWGAAT96J346882,2018-06-01 8:00,2686907.429,254817.4923
143,1465,143,1HTWGAAT96J346882,2018-06-01 8:00,2686747.075,254838.3449
144,1465,144,1HTWGAAT96J346882,2018-06-01 8:04,2686481.946,255089.3956
145,1465,145,1HTWGAAT96J346882,2018-06-01 8:04,2686514.382,255323.5765
146,1465,146,1HTWGAAT96J346882,2018-06-01 8:04,2686813.262,255357.7668
147,1465,147,1HTWGAAT96J346882,2018-06-01 8:04,2686832.123,255383.8254
148,1465,148,1HTWGAAT96J346882,2018-06-01 8:06,2686976.682,255231.3172
149,1465,149,1HTWGAAT96J346882,2018-06-01 8:06,2686977.422,255205.8284
150,1465,150,1HTWGAAT96J346882,2018-06-01 8:12,2687141.747,254951.8532
151,1465,151,1HTWGAAT96J346882,2018-06-01 8:12,2687141.747,254951.8532
152,1465,152,1HTWGAAT96J346882,2018-06-01 8:20,2687212.371,255318.3423
153,1465,153,1HTWGAAT96J346882,2018-06-01 8:21,2687271.175,255320.0513
154,1465,154,1HTWGAAT96J346882,2018-06-01 8:27,2687363.706,254932.7939
155,1465,155,1HTWGAAT96J346882,2018-06-01 8:27,2687364.447,254907.3051
156,1465,156,1HTWGAAT96J346882,2018-06-01 8:29,2687765.893,254787.7807
157,1465,157,1HTWGAAT96J346882,2018-06-01 8:29,2687785.495,254788.3509
158,1465,158,1HTWGAAT96J346882,2018-06-01 8:34,2687597.914,255070.8005
159,1465,159,1HTWGAAT96J346882,2018-06-01 8:34,2687597.173,255096.2896
160,1465,160,1HTWGAAT96J346882,2018-06-01 8:39,2687711.546,255307.3446
161,1465,161,1HTWGAAT96J346882,2018-06-01 8:39,2687750.748,255308.4847
162,1465,162,1HTWGAAT96J346882,2018-06-01 8:44,2687967.677,254691.6083
163,1465,163,1HTWGAAT96J346882,2018-06-01 8:44,2688005.398,254743.727
164,1465,164,1HTWGAAT96J346882,2018-06-01 8:46,2688062.447,254902.0948
165,1465,165,1HTWGAAT96J346882,2018-06-01 8:47,2688061.706,254927.5836
166,1465,166,1HTWGAAT96J346882,2018-06-01 8:54,2687991.095,255235.3005
167,1465,167,1HTWGAAT96J346882,2018-06-01 8:54,2688010.697,255235.8707
168,1465,168,1HTWGAAT96J346882,2018-06-01 9:00,2688220.002,254881.169
169,1465,169,1HTWGAAT96J346882,2018-06-01 9:00,2688201.143,254855.1096
170,1465,170,1HTWGAAT96J346882,2018-06-01 9:02,2688075.268,255135.7072
171,1465,171,1HTWGAAT96J346882,2018-06-01 9:03,2688073.785,255186.6851
172,1465,172,1HTWGAAT96J346882,2018-06-01 9:03,2687881.013,255647.5556
173,1465,173,1HTWGAAT96J346882,2018-06-01 9:04,2687861.411,255646.9853
174,1465,174,1HTWGAAT96J346882,2018-06-01 9:06,2687681.46,255667.2619
175,1465,175,1HTWGAAT96J346882,2018-06-01 9:06,2687681.46,255667.2619
176,1465,176,1HTWGAAT96J346882,2018-06-01 9:13,2687810.4,255281.0648
177,1465,177,1HTWGAAT96J346882,2018-06-01 9:14,2687850.344,255256.7161
178,1465,178,1HTWGAAT96J346882,2018-06-01 9:14,2687843.565,255489.7583
179,1465,179,1HTWGAAT96J346882,2018-06-01 9:14,2687823.964,255489.1881
180,1465,180,1HTWGAAT96J346882,2018-06-01 9:21,2687424.01,255557.7336
181,1465,181,1HTWGAAT96J346882,2018-06-01 9:21,2687501.509,255687.5394
182,1465,182,1HTWGAAT96J346882,2018-06-01 9:22,2687903.58,255546.1699
183,1465,183,1HTWGAAT96J346882,2018-06-01 9:22,2687872.746,255257.3677
184,1465,184,1HTWGAAT96J346882,2018-06-01 9:23,2687751.596,255279.3545
185,1465,185,1HTWGAAT96J346882,2018-06-01 9:23,2687731.994,255278.7843
186,1465,186,1HTWGAAT96J346882,2018-06-01 9:27,2687188.324,255470.7065
187,1465,187,1HTWGAAT96J346882,2018-06-01 9:27,2687205.598,255551.3845
188,1465,188,1HTWGAAT96J346882,2018-06-01 9:30,2687429.303,255375.669
189,1465,189,1HTWGAAT96J346882,2018-06-01 9:30,2687191.288,255368.7507
190,1465,190,1HTWGAAT96J346882,2018-06-01 9:30,2687152.085,255367.6112
191,1465,191,1HTWGAAT96J346882,2018-06-01 9:31,2687090.481,255365.8209
192,1465,192,1HTWGAAT96J346882,2018-06-01 9:35,2687061.145,255700.25
193,1465,193,1HTWGAAT96J346882,2018-06-01 9:36,2687220.754,255704.8884
194,1465,194,1HTWGAAT96J346882,2018-06-01 9:36,2686929.389,255412.1613
195,1465,195,1HTWGAAT96J346882,2018-06-01 9:37,2686910.529,255386.103
196,1465,196,1HTWGAAT96J346882,2018-06-01 9:40,2686651.431,255429.5983
197,1465,197,1HTWGAAT96J346882,2018-06-01 9:40,2686651.431,255429.5983
198,1465,198,1HTWGAAT96J346882,2018-06-01 9:44,2686068.572,255620.4067
199,1465,199,1HTWGAAT96J346882,2018-06-01 9:45,2686068.572,255620.4067
200,1465,200,1HTWGAAT96J346882,2018-06-01 9:49,2686070.051,255569.4287
201,1465,201,1HTWGAAT96J346882,2018-06-01 9:49,2686090.392,255544.5082
202,1465,202,1HTWGAAT96J346882,2018-06-01 9:50,2687191.288,255368.7507
203,1465,203,1HTWGAAT96J346882,2018-06-01 9:50,2687209.407,255420.2981
204,1465,204,1HTWGAAT96J346882,2018-06-01 9:50,2687189.806,255419.7286
205,1465,205,1HTWGAAT96J346882,2018-06-01 9:51,2686901.537,255695.6125
206,1465,206,1HTWGAAT96J346882,2018-06-01 9:51,2686882.676,255669.5542
207,1465,207,1HTWGAAT96J346882,2018-06-01 9:57,2686527.217,255557.1883
208,1465,208,1HTWGAAT96J346882,2018-06-01 9:58,2686546.078,255583.2463
209,1465,209,1HTWGAAT96J346882,2018-06-01 10:01,2686930.13,255386.6725
210,1465,210,1HTWGAAT96J346882,2018-06-01 10:01,2687371.981,255322.9814
211,1465,211,1HTWGAAT96J346882,2018-06-01 10:02,2687692.792,255277.6442
212,1465,212,1HTWGAAT96J346882,2018-06-01 10:02,2688150.707,255239.9448
213,1465,213,1HTWGAAT96J346882,2018-06-01 10:02,2688432.953,255171.6284
214,1465,214,1HTWGAAT96J346882,2018-06-01 10:02,2688413.351,255171.0578
215,1465,215,1HTWGAAT96J346882,2018-06-01 10:16,2688930.817,255109.596
216,1465,216,1HTWGAAT96J346882,2018-06-01 10:17,2689052.075,255083.9737
217,1465,217,1HTWGAAT96J346882,2018-06-01 10:17,2689693.498,255000.6294
218,1465,218,1HTWGAAT96J346882,2018-06-01 10:17,2690132.565,254936.9061
219,1465,219,1HTWGAAT96J346882,2018-06-01 10:18,2690332.125,254917.2197
220,1465,220,1HTWGAAT96J346882,2018-06-01 10:18,2690912.058,254828.4673
221,1465,221,1HTWGAAT96J346882,2018-06-01 10:18,2690954.062,254829.6943
222,1465,222,1HTWGAAT96J346882,2018-06-01 10:19,2691353.187,254790.3365
223,1465,223,1HTWGAAT96J346882,2018-06-01 10:20,2691369.063,254918.3539
224,1465,224,1HTWGAAT96J346882,2018-06-01 10:20,2691098.567,255351.4184
225,1465,225,1HTWGAAT96J346882,2018-06-01 10:20,2690807.913,255707.3648
226,1465,226,1HTWGAAT96J346882,2018-06-01 10:21,2690729.508,255705.0748
227,1465,227,1HTWGAAT96J346882,2018-06-01 10:21,2690729.508,255705.0748
228,1465,228,1HTWGAAT96J346882,2018-06-01 10:26,2690304.916,255849.3862
229,1465,229,1HTWGAAT96J346882,2018-06-01 10:27,2690304.172,255874.875
230,1465,230,1HTWGAAT96J346882,2018-06-01 10:32,2690558.523,256090.0301
231,1465,231,1HTWGAAT96J346882,2018-06-01 10:32,2690578.124,256090.6026
232,1465,232,1HTWGAAT96J346882,2018-06-01 10:36,2690466.118,255799.4263
233,1465,233,1HTWGAAT96J346882,2018-06-01 10:37,2690425.321,255852.9009
234,1465,234,1HTWGAAT96J346882,2018-06-01 10:37,2690463.035,255905.0232
235,1465,235,1HTWGAAT96J346882,2018-06-01 10:38,2690443.434,255904.451
236,1465,236,1HTWGAAT96J346882,2018-06-01 10:43,2691033.878,255455.2154
237,1465,237,1HTWGAAT96J346882,2018-06-01 10:43,2691201.788,255175.8603
238,1465,238,1HTWGAAT96J346882,2018-06-01 10:44,2691222.241,255147.3029
239,1465,239,1HTWGAAT96J346882,2018-06-01 10:51,2691006.059,255064.4537
240,1465,240,1HTWGAAT96J346882,2018-06-01 10:51,2691006.803,255038.9649
241,1465,241,1HTWGAAT96J346882,2018-06-01 11:02,2690934.461,254829.1218
242,1465,242,1HTWGAAT96J346882,2018-06-01 11:02,2690993.266,254830.8397
243,1465,243,1HTWGAAT96J346882,2018-06-01 11:07,2690866.048,255060.3635
244,1465,244,1HTWGAAT96J346882,2018-06-01 11:08,2690866.048,255060.3635
245,1465,245,1HTWGAAT96J346882,2018-06-01 11:13,2690698.141,255339.7209
246,1465,246,1HTWGAAT96J346882,2018-06-01 11:14,2690718.486,255314.8046
247,1465,247,1HTWGAAT96J346882,2018-06-01 11:19,2690800.436,255291.6872
248,1465,248,1HTWGAAT96J346882,2018-06-01 11:19,2690760.489,255316.0313
249,1465,249,1HTWGAAT96J346882,2018-06-01 11:23,2690594.142,254870.2034
250,1465,250,1HTWGAAT96J346882,2018-06-01 11:24,2690530.942,254923.0239
251,1465,251,1HTWGAAT96J346882,2018-06-01 11:34,2690638.592,255363.4925
252,1465,252,1HTWGAAT96J346882,2018-06-01 11:35,2690699.629,255288.743
253,1465,253,1HTWGAAT96J346882,2018-06-01 11:36,2690573.796,254895.1201
254,1465,254,1HTWGAAT96J346882,2018-06-01 11:36,2690472.137,254921.307
255,1465,255,1HTWGAAT96J346882,2018-06-01 11:44,2690405.785,255178.1208
256,1465,256,1HTWGAAT96J346882,2018-06-01 11:45,2690405.041,255203.6096
257,1465,257,1HTWGAAT96J346882,2018-06-01 11:52,2690699.629,255288.743
258,1465,258,1HTWGAAT96J346882,2018-06-01 11:52,2690726.781,255030.7851
259,1465,259,1HTWGAAT96J346882,2018-06-01 11:53,2690432.934,254920.1623
260,1465,260,1HTWGAAT96J346882,2018-06-01 11:53,2690311.78,254942.1364
261,1465,261,1HTWGAAT96J346882,2018-06-01 11:56,2690208.564,255117.6983
262,1465,262,1HTWGAAT96J346882,2018-06-01 11:57,2690208.564,255117.6983
263,1465,263,1HTWGAAT96J346882,2018-06-01 12:03,2690220.514,255380.4422
264,1465,264,1HTWGAAT96J346882,2018-06-01 12:04,2690221.364,255351.3121
265,1465,265,1HTWGAAT96J346882,2018-06-01 12:08,2689991.065,254983.7987
266,1465,266,1HTWGAAT96J346882,2018-06-01 12:08,2689829.965,255030.1201
267,1465,267,1HTWGAAT96J346882,2018-06-01 12:12,2689862.94,255340.8541
268,1465,268,1HTWGAAT96J346882,2018-06-01 12:12,2689862.94,255340.8541
269,1465,269,1HTWGAAT96J346882,2018-06-01 12:21,2690060.16,255401.2736
270,1465,270,1HTWGAAT96J346882,2018-06-01 12:21,2690060.16,255401.2736
271,1465,271,1HTWGAAT96J346882,2018-06-01 12:29,2689791.506,255003.4876
272,1465,272,1HTWGAAT96J346882,2018-06-01 12:29,2689611.548,255023.75
273,1465,273,1HTWGAAT96J346882,2018-06-01 12:30,2689426.283,255226.0777
274,1465,274,1HTWGAAT96J346882,2018-06-01 12:30,2689426.283,255226.0777
275,1465,275,1HTWGAAT96J346882,2018-06-01 12:39,2689657.331,255568.0971
276,1465,276,1HTWGAAT96J346882,2018-06-01 12:39,2689658.074,255542.6079
277,1465,277,1HTWGAAT96J346882,2018-06-01 12:47,2689470.794,255045.1568
278,1465,278,1HTWGAAT96J346882,2018-06-01 12:47,2689332.84,255066.6456
279,1465,279,1HTWGAAT96J346882,2018-06-01 12:51,2689265.186,255272.4031
280,1465,280,1HTWGAAT96J346882,2018-06-01 12:51,2689264.443,255297.8919
281,1465,281,1HTWGAAT96J346882,2018-06-01 12:54,2689825.919,255937.4516
282,1465,282,1HTWGAAT96J346882,2018-06-01 12:54,2689845.52,255938.0235
283,1465,283,1HTWGAAT96J346882,2018-06-01 12:54,2690143.821,255895.7057
284,1465,284,1HTWGAAT96J346882,2018-06-01 12:55,2690667.161,255728.7647
285,1465,285,1HTWGAAT96J346882,2018-06-01 12:55,2690887.806,255658.6776
286,1465,286,1HTWGAAT96J346882,2018-06-01 12:55,2691242.587,255122.387
287,1465,287,1HTWGAAT96J346882,2018-06-01 12:56,2691410.502,254843.0332
288,1465,288,1HTWGAAT96J346882,2018-06-01 12:56,2691411.247,254817.5444
289,1465,289,1HTWGAAT96J346882,2018-06-01 12:57,2691033.214,254806.4962
290,1465,290,1HTWGAAT96J346882,2018-06-01 12:57,2691012.867,254831.4125
291,1465,291,1HTWGAAT96J346882,2018-06-01 12:58,2690551.394,254894.4659
292,1465,292,1HTWGAAT96J346882,2018-06-01 12:58,2690500.137,254634.2187
293,1465,293,1HTWGAAT96J346882,2018-06-01 12:58,2690468.481,254374.5437
294,1465,294,1HTWGAAT96J346882,2018-06-01 12:59,2690452.599,254246.5269
295,1465,295,1HTWGAAT96J346882,2018-06-01 12:59,2690368.475,253671.9037
296,1465,296,1HTWGAAT96J346882,2018-06-01 13:00,2690336.816,253412.229
297,1465,297,1HTWGAAT96J346882,2018-06-01 13:00,2690322.527,253229.5932
298,1465,298,1HTWGAAT96J346882,2018-06-01 13:00,2690289.379,253020.8961
299,1465,299,1HTWGAAT96J346882,2018-06-01 13:01,2690272.007,252943.8572
300,1465,300,1HTWGAAT96J346882,2018-06-01 13:01,2690251.091,252892.2258
301,1465,301,1HTWGAAT96J346882,2018-06-01 13:02,2690519.082,252641.2975
302,1465,302,1HTWGAAT96J346882,2018-06-01 13:02,2690659.851,252619.8966
303,1465,303,1HTWGAAT96J346882,2018-06-01 13:15,2690726.993,253008.1612
304,1465,304,1HTWGAAT96J346882,2018-06-01 13:15,2690726.249,253033.6504
305,1465,305,1HTWGAAT96J346882,2018-06-01 13:23,2690792.254,253556.7241
306,1465,306,1HTWGAAT96J346882,2018-06-01 13:24,2690792.254,253556.7241
307,1465,307,1HTWGAAT96J346882,2018-06-01 13:30,2690903.838,254438.2784
308,1465,308,1HTWGAAT96J346882,2018-06-01 13:30,2690956.296,254753.2276
309,1465,309,1HTWGAAT96J346882,2018-06-01 13:30,2690955.551,254778.7167
310,1465,310,1HTWGAAT96J346882,2018-06-01 13:37,2690674.782,254796.0264
311,1465,311,1HTWGAAT96J346882,2018-06-01 13:37,2690674.782,254796.0264
312,1465,312,1HTWGAAT96J346882,2018-06-01 13:41,2690573.296,254144.3637
313,1465,313,1HTWGAAT96J346882,2018-06-01 13:41,2690574.04,254118.8746
314,1465,314,1HTWGAAT96J346882,2018-06-01 13:44,2690551.42,253549.6913
315,1465,315,1HTWGAAT96J346882,2018-06-01 13:45,2690501.754,253234.8248
316,1465,316,1HTWGAAT96J346882,2018-06-01 13:45,2690448.154,253054.6857
317,1465,317,1HTWGAAT96J346882,2018-06-01 13:45,2690429.577,252922.9458
318,1465,318,1HTWGAAT96J346882,2018-06-01 13:46,2690578.636,252617.5255
319,1465,319,1HTWGAAT96J346882,2018-06-01 13:47,2690676.477,252722.4249
320,1465,320,1HTWGAAT96J346882,2018-06-01 13:47,2690723.909,253113.7581
321,1465,321,1HTWGAAT96J346882,2018-06-01 13:47,2690759.393,253242.3478
322,1465,322,1HTWGAAT96J346882,2018-06-01 13:48,2690810.368,253608.2745
323,1465,323,1HTWGAAT96J346882,2018-06-01 13:48,2690808.879,253659.2521
324,1465,324,1HTWGAAT96J346882,2018-06-01 13:48,2691089.84,253539.9066
325,1465,325,1HTWGAAT96J346882,2018-06-01 13:49,2691040.925,253199.5503
326,1465,326,1HTWGAAT96J346882,2018-06-01 13:49,2691014.591,252757.811
327,1465,327,1HTWGAAT96J346882,2018-06-01 13:49,2690978.647,252549.0312
328,1465,328,1HTWGAAT96J346882,2018-06-01 13:50,2690928.877,252237.8052
329,1465,329,1HTWGAAT96J346882,2018-06-01 13:50,2690915.336,252029.6802
330,1465,330,1HTWGAAT96J346882,2018-06-01 13:50,2690755.704,252025.0179
331,1465,331,1HTWGAAT96J346882,2018-06-01 13:51,2690156.952,252084.0715
332,1465,332,1HTWGAAT96J346882,2018-06-01 13:51,2689796.145,252153.7227
333,1465,333,1HTWGAAT96J346882,2018-06-01 13:52,2689354.229,252217.3702
334,1465,334,1HTWGAAT96J346882,2018-06-01 13:52,2688915.86,252255.6181
335,1465,335,1HTWGAAT96J346882,2018-06-01 13:52,2688818.01,252150.7256
336,1465,336,1HTWGAAT96J346882,2018-06-01 13:52,2688772.03,251708.4181
337,1465,337,1HTWGAAT96J346882,2018-06-01 13:53,2688687.006,251162.931
338,1465,338,1HTWGAAT96J346882,2018-06-01 13:53,2688622.158,250694.5638
339,1465,339,1HTWGAAT96J346882,2018-06-01 13:53,2688591.323,250405.7609
340,1465,340,1HTWGAAT96J346882,2018-06-01 13:53,2688573.944,250328.7233
341,1465,341,1HTWGAAT96J346882,2018-06-01 13:54,2688489.651,249757.7484
342,1465,342,1HTWGAAT96J346882,2018-06-01 13:54,2688442.175,249366.4192
343,1465,343,1HTWGAAT96J346882,2018-06-01 13:54,2688391.895,248975.0085
344,1465,344,1HTWGAAT96J346882,2018-06-01 13:55,2688476.089,248875.4169
345,1465,345,1HTWGAAT96J346882,2018-06-01 13:55,2688875.304,248836.019
346,1465,346,1HTWGAAT96J346882,2018-06-01 13:55,2689215.808,248791.2724
347,1465,347,1HTWGAAT96J346882,2018-06-01 13:56,2689562.256,248542.619
348,1465,348,1HTWGAAT96J346882,2018-06-01 13:56,2689406.316,248410.5208
349,1465,349,1HTWGAAT96J346882,2018-06-01 13:56,2689406.316,248410.5208
350,1465,350,1HTWGAAT96J346882,2018-06-01 13:58,2689074.929,248142.1149
351,1465,351,1HTWGAAT96J346882,2018-06-01 13:58,2688979.97,248033.662
352,1465,352,1HTWGAAT96J346882,2018-06-01 13:59,2688433.331,247551.2676
353,1465,353,1HTWGAAT96J346882,2018-06-01 13:59,2688220.145,247362.8457
354,1465,354,1HTWGAAT96J346882,2018-06-01 14:00,2688220.145,247362.8457
355,1465,355,1HTWGAAT96J346882,2018-06-01 14:01,2687909.08,247069.537
356,1465,356,1HTWGAAT96J346882,2018-06-01 14:01,2687600.068,246801.8026
357,1465,357,1HTWGAAT96J346882,2018-06-01 14:01,2687301.085,246767.6025
358,1465,358,1HTWGAAT96J346882,2018-06-01 14:02,2686599.051,246903.9208
359,1465,359,1HTWGAAT96J346882,2018-06-01 14:02,2686339.867,246947.4191
360,1465,360,1HTWGAAT96J346882,2018-06-01 14:02,2686297.849,246946.1999
361,1465,361,1HTWGAAT96J346882,2018-06-01 14:03,2686123.052,246110.2154
362,1465,362,1HTWGAAT96J346882,2018-06-01 14:03,2685964.049,245405.8874
363,1465,363,1HTWGAAT96J346882,2018-06-01 14:03,2686003.195,244732.8172
364,1465,364,1HTWGAAT96J346882,2018-06-01 14:03,2686012.911,244397.8185
365,1465,365,1HTWGAAT96J346882,2018-06-01 14:04,2685835.837,244316.1524
366,1465,366,1HTWGAAT96J346882,2018-06-01 14:04,2685218.782,244323.7787
367,1465,367,1HTWGAAT96J346882,2018-06-01 14:04,2685079.449,244294.2321
368,1465,368,1HTWGAAT96J346882,2018-06-01 14:04,2685079.449,244294.2321
369,1465,369,1HTWGAAT96J346882,2018-06-01 14:06,2684803.687,244231.5813
370,1465,370,1HTWGAAT96J346882,2018-06-01 14:06,2684784.078,244231.0134
371,1465,371,1HTWGAAT96J346882,2018-06-01 14:09,2684775.789,243064.582
372,1465,372,1HTWGAAT96J346882,2018-06-01 14:10,2685061.013,242220.0637
373,1465,373,1HTWGAAT96J346882,2018-06-01 14:10,2685235.687,241707.6254
374,1465,374,1HTWGAAT96J346882,2018-06-01 14:10,2685237.269,241653.0058
375,1465,375,1HTWGAAT96J346882,2018-06-01 14:11,2685301.274,241476.287
376,1465,376,1HTWGAAT96J346882,2018-06-01 14:11,2685301.274,241476.287
377,1465,377,1HTWGAAT96J346882,2018-06-01 14:11,2685302.118,241447.1565
378,1465,378,1HTWGAAT96J346882,2018-06-01 14:12,2685466.896,240599.1529
379,1465,379,1HTWGAAT96J346882,2018-06-01 14:12,2685491.784,240417.6566
380,1465,380,1HTWGAAT96J346882,2018-06-01 14:12,2685517.412,240210.6711
381,1465,381,1HTWGAAT96J346882,2018-06-01 14:12,2685537.764,240185.7505
382,1465,382,1HTWGAAT96J346882,2018-06-01 14:13,2685162.46,240072.8361
383,1465,383,1HTWGAAT96J346882,2018-06-01 14:13,2684843.884,240034.4565
384,1465,384,1HTWGAAT96J346882,2018-06-01 14:14,2684347.354,239943.5555
385,1465,385,1HTWGAAT96J346882,2018-06-01 14:14,2684012.596,239882.8525
386,1465,386,1HTWGAAT96J346882,2018-06-01 14:14,2683791.98,239850.9638
387,1465,387,1HTWGAAT96J346882,2018-06-01 14:14,2683476.833,239790.835
388,1465,388,1HTWGAAT96J346882,2018-06-01 14:15,2683038.505,239723.5083
389,1465,389,1HTWGAAT96J346882,2018-06-01 14:15,2682820.688,239691.7092
390,1465,390,1HTWGAAT96J346882,2018-06-01 14:15,2682782.196,239665.0879
391,1465,391,1HTWGAAT96J346882,2018-06-01 14:16,2682594.5,239269.7264
392,1465,392,1HTWGAAT96J346882,2018-06-01 14:16,2682623.046,238960.7815
393,1465,393,1HTWGAAT96J346882,2018-06-01 14:17,2682649.387,238728.304
394,1465,394,1HTWGAAT96J346882,2018-06-01 14:17,2682676.462,238470.3376
395,1465,395,1HTWGAAT96J346882,2018-06-01 14:17,2682705.746,238135.9036
396,1465,396,1HTWGAAT96J346882,2018-06-01 14:18,2682735.134,237797.8285
397,1465,397,1HTWGAAT96J346882,2018-06-01 14:18,2682738.077,237695.872
398,1465,398,1HTWGAAT96J346882,2018-06-01 14:18,2682981.519,237520.6824
399,1465,399,1HTWGAAT96J346882,2018-06-01 14:19,2683083.135,237498.1063
400,1465,400,1HTWGAAT96J346882,2018-06-01 14:19,2683282.828,237478.3629
401,1465,401,1HTWGAAT96J346882,2018-06-01 14:19,2683384.444,237455.7878
402,1465,402,1HTWGAAT96J346882,2018-06-01 14:21,2683740.034,236893.9011
403,1465,403,1HTWGAAT96J346882,2018-06-01 14:22,2683686.592,236608.0979
404,1465,404,1HTWGAAT96J346882,2018-06-01 14:22,2683690.381,236477.0112
405,1465,405,1HTWGAAT96J346882,2018-06-01 14:23,2683610.186,235855.1558
406,1465,406,1HTWGAAT96J346882,2018-06-01 14:23,2683556.845,235565.7119
407,1465,407,1HTWGAAT96J346882,2018-06-01 14:24,2683556.845,235565.7119
408,1465,408,1HTWGAAT96J346882,2018-06-01 14:24,2683557.581,235540.2227
409,1465,409,1HTWGAAT96J346882,2018-06-01 14:25,2683455.552,234994.2685
410,1465,410,1HTWGAAT96J346882,2018-06-01 14:25,2683456.289,234968.7793
411,1465,411,1HTWGAAT96J346882,2018-06-01 14:26,2683676.204,234249.9094
412,1465,412,1HTWGAAT96J346882,2018-06-01 14:26,2683789.238,233735.6798
413,1465,413,1HTWGAAT96J346882,2018-06-01 14:26,2683792.289,233630.0819
414,1465,414,1HTWGAAT96J346882,2018-06-01 14:27,2683792.289,233630.0819
415,1465,415,1HTWGAAT96J346882,2018-06-01 14:28,2684636.286,233446.7604
416,1465,416,1HTWGAAT96J346882,2018-06-01 14:28,2684695.142,233448.4631
417,1465,417,1HTWGAAT96J346882,2018-06-01 14:29,2685068.969,233615.99
418,1465,418,1HTWGAAT96J346882,2018-06-01 14:29,2685658.29,233993.8495
419,1465,419,1HTWGAAT96J346882,2018-06-01 14:29,2685696.682,234024.1165
420,1465,420,1HTWGAAT96J346882,2018-06-01 14:30,2685773.678,234077.3687
421,1465,421,1HTWGAAT96J346882,2018-06-01 14:31,2686082.722,234447.1176
422,1465,422,1HTWGAAT96J346882,2018-06-01 14:31,2686120.374,234502.8748
423,1465,423,1HTWGAAT96J346882,2018-06-01 14:32,2686360.653,234535.3534
424,1465,424,1HTWGAAT96J346882,2018-06-01 14:32,2686666.07,234256.3096
425,1465,425,1HTWGAAT96J346882,2018-06-01 14:34,2687423.931,233658.7715
426,1465,426,1HTWGAAT96J346882,2018-06-01 14:34,2687763.316,233562.9455
427,1465,427,1HTWGAAT96J346882,2018-06-01 14:34,2687488.075,233478.4172
428,1465,428,1HTWGAAT96J346882,2018-06-01 14:35,2687176.818,233185.1175
429,1465,429,1HTWGAAT96J346882,2018-06-01 14:35,2686807.542,232860.9837
430,1465,430,1HTWGAAT96J346882,2018-06-01 14:35,2686458.509,232515.5766
431,1465,431,1HTWGAAT96J346882,2018-06-01 14:35,2686741.745,232421.7519
432,1465,432,1HTWGAAT96J346882,2018-06-01 14:36,2687039.685,232401.2444
433,1465,433,1HTWGAAT96J346882,2018-06-01 14:36,2687341.064,232358.9742
434,1465,434,1HTWGAAT96J346882,2018-06-01 14:36,2687600.401,232315.4864
435,1465,435,1HTWGAAT96J346882,2018-06-01 14:37,2687471.314,232027.4765
436,1465,436,1HTWGAAT96J346882,2018-06-01 14:37,2687295,231916.6696
437,1465,437,1HTWGAAT96J346882,2018-06-01 14:37,2686982.24,231674.3506
438,1465,438,1HTWGAAT96J346882,2018-06-01 14:38,2686726.011,231513.8515
439,1465,439,1HTWGAAT96J346882,2018-06-01 14:38,2686441.766,231738.8442
440,1465,440,1HTWGAAT96J346882,2018-06-01 14:38,2686224.727,231677.8847
441,1465,441,1HTWGAAT96J346882,2018-06-01 14:38,2686126.779,231573.003
442,1465,442,1HTWGAAT96J346882,2018-06-01 14:54,2686107.898,231546.945
443,1465,443,1HTWGAAT96J346882,2018-06-01 14:54,2686107.898,231546.945
444,1465,444,1HTWGAAT96J346882,2018-06-01 14:57,2685888.534,231566.0968
445,1465,445,1HTWGAAT96J346882,2018-06-01 14:57,2685887.795,231591.586
446,1465,446,1HTWGAAT96J346882,2018-06-01 15:06,2686312.921,231345.1619
447,1465,447,1HTWGAAT96J346882,2018-06-01 15:06,2686456.024,231247.2704
448,1465,448,1HTWGAAT96J346882,2018-06-01 15:07,2685641.37,231092.4583
449,1465,449,1HTWGAAT96J346882,2018-06-01 15:07,2685383.5,231084.9885
450,1465,450,1HTWGAAT96J346882,2018-06-01 15:07,2685363.879,231084.4203
451,1465,451,1HTWGAAT96J346882,2018-06-01 15:08,2685243.353,231080.9302
452,1465,452,1HTWGAAT96J346882,2018-06-01 15:08,2685223.732,231080.3622
453,1465,453,1HTWGAAT96J346882,2018-06-01 15:10,2684744.43,231066.4886
454,1465,454,1HTWGAAT96J346882,2018-06-01 15:11,2684724.072,231091.4101
455,1465,455,1HTWGAAT96J346882,2018-06-01 15:12,2684243.296,231128.5242
456,1465,456,1HTWGAAT96J346882,2018-06-01 15:13,2684223.676,231127.957
457,1465,457,1HTWGAAT96J346882,2018-06-01 15:13,2684382.98,232506.4808
458,1465,458,1HTWGAAT96J346882,2018-06-01 15:14,2684421.23,232638.7833
459,1465,459,1HTWGAAT96J346882,2018-06-01 15:14,2684033.173,232962.8414
460,1465,460,1HTWGAAT96J346882,2018-06-01 15:14,2683898.447,233450.933
461,1465,461,1HTWGAAT96J346882,2018-06-01 15:14,2684172.121,233590.0413
462,1465,462,1HTWGAAT96J346882,2018-06-01 15:15,2684358.231,233362.1854
463,1465,463,1HTWGAAT96J346882,2018-06-01 15:15,2684756.063,233475.7367
464,1465,464,1HTWGAAT96J346882,2018-06-01 15:15,2685129.151,233668.7534
465,1465,465,1HTWGAAT96J346882,2018-06-01 15:16,2685382.459,233832.796
466,1465,466,1HTWGAAT96J346882,2018-06-01 15:16,2685443.378,233860.0709
467,1465,467,1HTWGAAT96J346882,2018-06-01 15:18,2685815.717,234078.5872
468,1465,468,1HTWGAAT96J346882,2018-06-01 15:18,2685910.113,234208.8753
469,1465,469,1HTWGAAT96J346882,2018-06-01 15:18,2686142.794,234503.5247
470,1465,470,1HTWGAAT96J346882,2018-06-01 15:19,2686219.048,234582.2673
471,1465,471,1HTWGAAT96J346882,2018-06-01 15:20,2685875.599,235399.5774
472,1465,472,1HTWGAAT96J346882,2018-06-01 15:20,2686009.704,235611.1927
473,1465,473,1HTWGAAT96J346882,2018-06-01 15:21,2686045.137,235743.4169
474,1465,474,1HTWGAAT96J346882,2018-06-01 15:22,2686147.585,236369.5715
475,1465,475,1HTWGAAT96J346882,2018-06-01 15:22,2686147.585,236369.5715
476,1465,476,1HTWGAAT96J346882,2018-06-01 15:23,2686214.856,236757.8233
477,1465,477,1HTWGAAT96J346882,2018-06-01 15:23,2686212.533,236837.9318
478,1465,478,1HTWGAAT96J346882,2018-06-01 15:24,2686261.51,237276.6746
479,1465,479,1HTWGAAT96J346882,2018-06-01 15:24,2686256.969,237433.2498
480,1465,480,1HTWGAAT96J346882,2018-06-01 15:25,2686306.837,237744.4664
481,1465,481,1HTWGAAT96J346882,2018-06-01 15:25,2686278.139,238057.0481
482,1465,482,1HTWGAAT96J346882,2018-06-01 15:25,2686231.41,238314.4419
483,1465,483,1HTWGAAT96J346882,2018-06-01 15:25,2686201.34,238674.3605
484,1465,484,1HTWGAAT96J346882,2018-06-01 15:26,2686173.643,238855.7748
485,1465,485,1HTWGAAT96J346882,2018-06-01 15:26,2686104.98,239192.7082
486,1465,486,1HTWGAAT96J346882,2018-06-01 15:27,2686058.254,239450.1024
487,1465,487,1HTWGAAT96J346882,2018-06-01 15:27,2686035.684,239551.4897
488,1465,488,1HTWGAAT96J346882,2018-06-01 15:28,2685984.42,239965.4593
489,1465,489,1HTWGAAT96J346882,2018-06-01 15:29,2685934.156,240248.2612
490,1465,490,1HTWGAAT96J346882,2018-06-01 15:29,2685843.669,240661.0941
491,1465,491,1HTWGAAT96J346882,2018-06-01 15:29,2685837.651,240868.6475
492,1465,492,1HTWGAAT96J346882,2018-06-01 15:30,2685691.544,241072.1402
493,1465,493,1HTWGAAT96J346882,2018-06-01 15:30,2685345.774,241295.3585
494,1465,494,1HTWGAAT96J346882,2018-06-01 15:30,2685146.21,241989.2928
495,1465,495,1HTWGAAT96J346882,2018-06-01 15:30,2684884.132,242808.9703
496,1465,496,1HTWGAAT96J346882,2018-06-01 15:31,2684687.543,243400.9518
497,1465,497,1HTWGAAT96J346882,2018-06-01 15:31,2684645.37,243501.7728
498,1465,498,1HTWGAAT96J346882,2018-06-01 15:32,2684556.643,243757.9534
499,1465,499,1HTWGAAT96J346882,2018-06-01 15:32,2684555.8,243787.0835
500,1465,500,1HTWGAAT96J346882,2018-06-01 15:35,2685120.251,244240.749
501,1465,501,1HTWGAAT96J346882,2018-06-01 15:35,2685777.007,244314.4467
502,1465,502,1HTWGAAT96J346882,2018-06-01 15:35,2685796.617,244315.0152
503,1465,503,1HTWGAAT96J346882,2018-06-01 15:37,2685908.178,245302.2252
504,1465,504,1HTWGAAT96J346882,2018-06-01 15:37,2686092.813,245799.568
505,1465,505,1HTWGAAT96J346882,2018-06-01 15:37,2686142.661,246110.7843
506,1465,506,1HTWGAAT96J346882,2018-06-01 15:37,2686139.597,246216.3818
507,1465,507,1HTWGAAT96J346882,2018-06-01 15:38,2686994.55,246317.7301
508,1465,508,1HTWGAAT96J346882,2018-06-01 15:38,2687014.158,246318.2993
509,1465,509,1HTWGAAT96J346882,2018-06-01 15:39,2687889.472,247068.9667
510,1465,510,1HTWGAAT96J346882,2018-06-01 15:40,2688026.457,247178.6371
511,1465,511,1HTWGAAT96J346882,2018-06-01 15:40,2688025.716,247204.1263
512,1465,512,1HTWGAAT96J346882,2018-06-01 15:41,2688318.653,247445.8879
513,1465,513,1HTWGAAT96J346882,2018-06-01 15:41,2688629.708,247739.202
514,1465,514,1HTWGAAT96J346882,2018-06-01 15:41,2688725.518,247818.523
515,1465,515,1HTWGAAT96J346882,2018-06-01 15:42,2689113.401,248168.746
516,1465,516,1HTWGAAT96J346882,2018-06-01 15:42,2689348.238,248383.3175
517,1465,517,1HTWGAAT96J346882,2018-06-01 15:42,2689346.752,248434.2954
518,1465,518,1HTWGAAT96J346882,2018-06-01 15:43,2689346.752,248434.2954
519,1465,519,1HTWGAAT96J346882,2018-06-01 15:45,2689758.788,248628.525
520,1465,520,1HTWGAAT96J346882,2018-06-01 15:45,2689717.346,248703.8483
521,1465,521,1HTWGAAT96J346882,2018-06-01 15:46,2689251.201,248923.5008
522,1465,522,1HTWGAAT96J346882,2018-06-01 15:46,2689266.988,249055.1583
523,1465,523,1HTWGAAT96J346882,2018-06-01 15:46,2689265.502,249106.1362
524,1465,524,1HTWGAAT96J346882,2018-06-01 15:50,2689398.727,250017.4668
525,1465,525,1HTWGAAT96J346882,2018-06-01 15:51,2689468.699,250405.8098
526,1465,526,1HTWGAAT96J346882,2018-06-01 15:51,2689515.414,250822.6298
527,1465,527,1HTWGAAT96J346882,2018-06-01 15:51,2689565.948,251108.3638
528,1465,528,1HTWGAAT96J346882,2018-06-01 15:51,2689615.46,251525.2659
529,1465,529,1HTWGAAT96J346882,2018-06-01 15:52,2689682.516,251917.169
530,1465,530,1HTWGAAT96J346882,2018-06-01 15:52,2689714.185,252176.843
531,1465,531,1HTWGAAT96J346882,2018-06-01 15:52,2689781.065,252670.7836
532,1465,532,1HTWGAAT96J346882,2018-06-01 15:52,2689812.731,252930.458
533,1465,533,1HTWGAAT96J346882,2018-06-01 15:53,2689860.177,253321.7895
534,1465,534,1HTWGAAT96J346882,2018-06-01 15:53,2689929.279,253739.2641
535,1465,535,1HTWGAAT96J346882,2018-06-01 15:53,2690247.778,253774.0678
536,1465,536,1HTWGAAT96J346882,2018-06-01 15:54,2690645.429,253785.6764
537,1465,537,1HTWGAAT96J346882,2018-06-01 15:54,2690698.176,253994.9463
538,1465,538,1HTWGAAT96J346882,2018-06-01 15:54,2690717.778,253995.5188
539,1465,539,1HTWGAAT96J346882,2018-06-01 15:54,2690717.034,254021.0076
540,1465,540,1HTWGAAT96J346882,2018-06-01 15:58,2690544.616,253782.7328
541,1465,541,1HTWGAAT96J346882,2018-06-01 15:59,2690515.298,253442.9497
542,1465,542,1HTWGAAT96J346882,2018-06-01 15:59,2690462.548,253233.6805
543,1465,543,1HTWGAAT96J346882,2018-06-01 15:59,2690233.719,252815.1869
544,1465,544,1HTWGAAT96J346882,2018-06-01 16:00,2690202.907,252526.382
545,1465,545,1HTWGAAT96J346882,2018-06-01 16:00,2690135.011,252163.6078
546,1465,546,1HTWGAAT96J346882,2018-06-01 16:01,2690106.601,251696.2987
547,1465,547,1HTWGAAT96J346882,2018-06-01 16:01,2690036.47,251409.9915
548,1465,548,1HTWGAAT96J346882,2018-06-01 16:01,2690005.653,251121.187
549,1465,549,1HTWGAAT96J346882,2018-06-01 16:01,2689973.985,250861.5126
550,1465,550,1HTWGAAT96J346882,2018-06-01 16:02,2689923.628,250473.7401
551,1465,551,1HTWGAAT96J346882,2018-06-01 16:02,2689891.214,250239.5549
552,1465,552,1HTWGAAT96J346882,2018-06-01 16:02,2689859.649,249976.2395
553,1465,553,1HTWGAAT96J346882,2018-06-01 16:02,2689841.531,249924.6897
554,1465,554,1HTWGAAT96J346882,2018-06-01 16:03,2689842.274,249899.2009
555,1465,555,1HTWGAAT96J346882,2018-06-01 16:04,2689639.907,249244.6018
556,1465,556,1HTWGAAT96J346882,2018-06-01 16:05,2689288.185,249001.1105
557,1465,557,1HTWGAAT96J346882,2018-06-01 16:05,2689230.109,248973.9075
558,1465,558,1HTWGAAT96J346882,2018-06-01 16:05,2689230.852,248948.4187
559,1465,559,1HTWGAAT96J346882,2018-06-01 16:09,2689311.335,248976.2743
560,1465,560,1HTWGAAT96J346882,2018-06-01 16:09,2689719.54,249301.5892
561,1465,561,1HTWGAAT96J346882,2018-06-01 16:10,2689791.169,249536.9178
562,1465,562,1HTWGAAT96J346882,2018-06-01 16:10,2689828.721,249691.0763
563,1465,563,1HTWGAAT96J346882,2018-06-01 16:14,2689892.807,250184.9359
564,1465,564,1HTWGAAT96J346882,2018-06-01 16:15,2689891.214,250239.5549
565,1465,565,1HTWGAAT96J346882,2018-06-01 16:17,2689978.446,250708.5792
566,1465,566,1HTWGAAT96J346882,2018-06-01 16:17,2689977.703,250734.068
567,1465,567,1HTWGAAT96J346882,2018-06-01 16:20,2690041.782,251227.9279
568,1465,568,1HTWGAAT96J346882,2018-06-01 16:21,2690022.177,251227.3557
569,1465,569,1HTWGAAT96J346882,2018-06-01 16:24,2690126.031,251798.9081
570,1465,570,1HTWGAAT96J346882,2018-06-01 16:24,2690126.031,251798.9081
571,1465,571,1HTWGAAT96J346882,2018-06-01 16:26,2689757.68,252127.0902
572,1465,572,1HTWGAAT96J346882,2018-06-01 16:26,2689730.073,252304.8592
573,1465,573,1HTWGAAT96J346882,2018-06-01 16:27,2689812.731,252930.458
574,1465,574,1HTWGAAT96J346882,2018-06-01 16:27,2689863.257,253216.1926
575,1465,575,1HTWGAAT96J346882,2018-06-01 16:27,2689916.475,253505.6507
576,1465,576,1HTWGAAT96J346882,2018-06-01 16:28,2689946.651,253816.3027
577,1465,577,1HTWGAAT96J346882,2018-06-01 16:30,2690116.044,254830.737
578,1465,578,1HTWGAAT96J346882,2018-06-01 16:30,2690113.707,254910.8451
579,1465,579,1HTWGAAT96J346882,2018-06-01 16:30,2690332.976,254888.0896
580,1465,580,1HTWGAAT96J346882,2018-06-01 16:30,2690492.589,254892.749
581,1465,581,1HTWGAAT96J346882,2018-06-01 16:30,2690852.509,254852.2386
582,1465,582,1HTWGAAT96J346882,2018-06-01 16:30,2690934.461,254829.1218
583,1465,583,1HTWGAAT96J346882,2018-06-01 16:31,2691307.917,254996.7429
584,1465,584,1HTWGAAT96J346882,2018-06-01 16:31,2691161.096,255225.6922
585,1465,585,1HTWGAAT96J346882,2018-06-01 16:31,2691033.878,255455.2154
586,1465,586,1HTWGAAT96J346882,2018-06-01 16:31,2690992.441,255530.5368
587,1465,587,1HTWGAAT96J346882,2018-06-01 16:32,2690909.462,255684.8209
588,1465,588,1HTWGAAT96J346882,2018-06-01 16:32,2690824.535,255809.8932
589,1465,589,1HTWGAAT96J346882,2018-06-01 16:34,2690035.986,256902.0511
590,1465,590,1HTWGAAT96J346882,2018-06-01 16:34,2689764.963,257258.5819
591,1465,591,1HTWGAAT96J346882,2018-06-01 16:34,2689601.369,257487.0506
592,1465,592,1HTWGAAT96J346882,2018-06-01 16:34,2689578.226,257511.8861
593,1465,593,1HTWGAAT96J346882,2018-06-01 16:35,2689578.226,257511.8861
594,1465,594,1HTWGAAT96J346882,2018-06-01 16:36,2689706.965,257901.9447
595,1465,595,1HTWGAAT96J346882,2018-06-01 16:37,2689942.444,258091.033
596,1465,596,1HTWGAAT96J346882,2018-06-01 16:37,2689919.301,258115.8685
597,1465,597,1HTWGAAT96J346882,2018-06-01 16:37,2689941.7,258116.5221
598,1465,598,1HTWGAAT96J346882,2018-06-01 16:38,2689456.169,257661.3908
599,1465,599,1HTWGAAT96J346882,2018-06-01 16:39,2689558.626,257511.3146
600,1465,600,1HTWGAAT96J346882,2018-06-01 16:40,2689975.698,256951.3134
601,1465,601,1HTWGAAT96J346882,2018-06-01 16:40,2690076.673,256852.2172
602,1465,602,1HTWGAAT96J346882,2018-06-01 16:40,2690182.044,256698.584
603,1465,603,1HTWGAAT96J346882,2018-06-01 16:40,2690182.044,256698.584
604,1465,604,1HTWGAAT96J346882,2018-06-01 16:41,2690389.138,256420.3677
605,1465,605,1HTWGAAT96J346882,2018-06-01 16:42,2690389.138,256420.3677
606,1465,606,1HTWGAAT96J346882,2018-06-01 16:43,2690804.935,255809.3207
607,1465,607,1HTWGAAT96J346882,2018-06-01 16:43,2690993.186,255505.0476
608,1465,608,1HTWGAAT96J346882,2018-06-01 16:43,2691307.172,255022.232
609,1465,609,1HTWGAAT96J346882,2018-06-01 16:43,2691397.713,254609.4189
610,1465,610,1HTWGAAT96J346882,2018-06-01 16:44,2691330.693,254217.5112
611,1465,611,1HTWGAAT96J346882,2018-06-01 16:44,2691278.877,253880.7136
612,1465,612,1HTWGAAT96J346882,2018-06-01 16:44,2691247.228,253621.0376
613,1465,613,1HTWGAAT96J346882,2018-06-01 16:44,2691217.067,253310.3841
614,1465,614,1HTWGAAT96J346882,2018-06-01 16:45,2691201.295,253178.7252
615,1465,615,1HTWGAAT96J346882,2018-06-01 16:45,2691152.559,252736.3314
616,1465,616,1HTWGAAT96J346882,2018-06-01 16:45,2691083.933,252399.0434
617,1465,617,1HTWGAAT96J346882,2018-06-01 16:45,2691052.279,252139.3677
618,1465,618,1HTWGAAT96J346882,2018-06-01 16:46,2690975.637,251980.4202
619,1465,619,1HTWGAAT96J346882,2018-06-01 16:46,2690434.951,252066.6743
620,1465,620,1HTWGAAT96J346882,2018-06-01 16:47,2690196.16,252085.2156
621,1465,621,1HTWGAAT96J346882,2018-06-01 16:47,2690086.997,251695.7268
622,1465,622,1HTWGAAT96J346882,2018-06-01 16:48,2690088.485,251644.7489
623,1465,623,1HTWGAAT96J346882,2018-06-01 16:55,2690008.627,251019.2312
624,1465,624,1HTWGAAT96J346882,2018-06-01 16:55,2689974.729,250836.0238
625,1465,625,1HTWGAAT96J346882,2018-06-01 16:56,2689975.472,250810.5347
626,1465,626,1HTWGAAT96J346882,2018-06-01 17:03,2689889.727,250290.5328
627,1465,627,1HTWGAAT96J346882,2018-06-01 17:03,2689889.727,250290.5328
628,1465,628,1HTWGAAT96J346882,2018-06-01 17:10,2689805.571,249715.9119
629,1465,629,1HTWGAAT96J346882,2018-06-01 17:10,2689806.315,249690.4231
630,1465,630,1HTWGAAT96J346882,2018-06-01 17:11,2689318.845,249391.9513
631,1465,631,1HTWGAAT96J346882,2018-06-01 17:12,2689364.822,249834.2601
632,1465,632,1HTWGAAT96J346882,2018-06-01 17:12,2689382.942,249885.8095
633,1465,633,1HTWGAAT96J346882,2018-06-01 17:12,2689447.502,250459.8573
634,1465,634,1HTWGAAT96J346882,2018-06-01 17:13,2689480.768,250664.9117
635,1465,635,1HTWGAAT96J346882,2018-06-01 17:13,2689479.176,250719.531
636,1465,636,1HTWGAAT96J346882,2018-06-01 17:13,2689513.185,250899.0966
637,1465,637,1HTWGAAT96J346882,2018-06-01 17:14,2689596.599,251499.2053
638,1465,638,1HTWGAAT96J346882,2018-06-01 17:14,2689644.795,251865.0477
639,1465,639,1HTWGAAT96J346882,2018-06-01 17:14,2689556.04,252121.2106
640,1465,640,1HTWGAAT96J346882,2018-06-01 17:14,2689316.508,252165.2495
641,1465,641,1HTWGAAT96J346882,2018-06-01 17:15,2689298.389,252113.7001
642,1465,642,1HTWGAAT96J346882,2018-06-01 17:19,2689224.537,251954.8398
643,1465,643,1HTWGAAT96J346882,2018-06-01 17:19,2689225.28,251929.3511
644,1465,644,1HTWGAAT96J346882,2018-06-01 17:31,2689179.476,251385.005
645,1465,645,1HTWGAAT96J346882,2018-06-01 17:31,2689179.476,251385.005
646,1465,646,1HTWGAAT96J346882,2018-06-01 17:46,2689097.367,250835.9572
647,1465,647,1HTWGAAT96J346882,2018-06-01 17:46,2689098.11,250810.4681
648,1465,648,1HTWGAAT96J346882,2018-06-01 17:56,2689239.907,250657.892
649,1465,649,1HTWGAAT96J346882,2018-06-01 17:56,2689239.057,250687.0222
650,1465,650,1HTWGAAT96J346882,2018-06-01 18:07,2689450.549,251028.468
651,1465,651,1HTWGAAT96J346882,2018-06-01 18:08,2689547.83,251056.8144
652,1465,652,1HTWGAAT96J346882,2018-06-01 18:08,2689532.756,251573.876
653,1465,653,1HTWGAAT96J346882,2018-06-01 18:08,2689273.508,251620.9849
654,1465,654,1HTWGAAT96J346882,2018-06-01 18:09,2689132.734,251642.3933
655,1465,655,1HTWGAAT96J346882,2018-06-01 18:09,2689073.922,251640.6797
656,1465,656,1HTWGAAT96J346882,2018-06-01 18:11,2688687.006,251162.931
657,1465,657,1HTWGAAT96J346882,2018-06-01 18:11,2688687.749,251137.4422
658,1465,658,1HTWGAAT96J346882,2018-06-01 18:11,2688638.794,250797.0905
659,1465,659,1HTWGAAT96J346882,2018-06-01 18:12,2688588.248,250511.3582
660,1465,660,1HTWGAAT96J346882,2018-06-01 18:12,2688558.896,250171.5777
661,1465,661,1HTWGAAT96J346882,2018-06-01 18:13,2688942.198,250004.1653
662,1465,662,1HTWGAAT96J346882,2018-06-01 18:13,2689080.179,249982.6738
663,1465,663,1HTWGAAT96J346882,2018-06-01 18:13,2689380.713,249962.2762
664,1465,664,1HTWGAAT96J346882,2018-06-01 18:14,2689431.146,250251.6513
665,1465,665,1HTWGAAT96J346882,2018-06-01 18:14,2689466.364,250485.9176
666,1465,666,1HTWGAAT96J346882,2018-06-01 18:14,2689517.643,250746.1628
667,1465,667,1HTWGAAT96J346882,2018-06-01 18:14,2689498.781,250720.1025
668,1465,668,1HTWGAAT96J346882,2018-06-01 18:15,2689498.781,250720.1025
669,1465,669,1HTWGAAT96J346882,2018-06-01 18:23,2689638.073,250749.6739
670,1465,670,1HTWGAAT96J346882,2018-06-01 18:24,2689596.063,250748.4492
671,1465,671,1HTWGAAT96J346882,2018-06-01 18:28,2689953.81,250784.3924
672,1465,672,1HTWGAAT96J346882,2018-06-01 18:28,2689922.884,250499.2292
673,1465,673,1HTWGAAT96J346882,2018-06-01 18:28,2689873.202,250184.3641
674,1465,674,1HTWGAAT96J346882,2018-06-01 18:28,2689841.531,249924.6897
675,1465,675,1HTWGAAT96J346882,2018-06-01 18:29,2689757.265,249353.7105
676,1465,676,1HTWGAAT96J346882,2018-06-01 18:29,2689379.148,249342.6876
677,1465,677,1HTWGAAT96J346882,2018-06-01 18:29,2689058.365,249384.362
678,1465,678,1HTWGAAT96J346882,2018-06-01 18:30,2688838.413,249428.9765
679,1465,679,1HTWGAAT96J346882,2018-06-01 18:30,2688476.829,249524.1357
680,1465,680,1HTWGAAT96J346882,2018-06-01 18:30,2688525.153,249886.3345
681,1465,681,1HTWGAAT96J346882,2018-06-01 18:31,2688880.58,250002.3703
682,1465,682,1HTWGAAT96J346882,2018-06-01 18:31,2688984.485,249899.7101
683,1465,683,1HTWGAAT96J346882,2018-06-01 18:32,2688984.485,249899.7101
684,1465,684,1HTWGAAT96J346882,2018-06-01 18:35,2688830.141,249712.9962
685,1465,685,1HTWGAAT96J346882,2018-06-01 18:35,2688790.081,249740.9847
686,1465,686,1HTWGAAT96J346882,2018-06-01 18:41,2688900.942,249303.2448
687,1465,687,1HTWGAAT96J346882,2018-06-01 18:41,2688901.685,249277.7556
688,1465,688,1HTWGAAT96J346882,2018-06-01 18:55,2688835.349,248860.366
689,1465,689,1HTWGAAT96J346882,2018-06-01 18:55,2688895.653,248811.1011
690,1465,690,1HTWGAAT96J346882,2018-06-01 18:56,2689281.394,249234.152
691,1465,691,1HTWGAAT96J346882,2018-06-01 18:56,2689239.105,249338.6066
692,1465,692,1HTWGAAT96J346882,2018-06-01 18:57,2688818.807,249428.4056
693,1465,693,1HTWGAAT96J346882,2018-06-01 18:57,2688717.976,249425.4692
694,1465,694,1HTWGAAT96J346882,2018-06-01 19:01,2688518.373,249445.1687
695,1465,695,1HTWGAAT96J346882,2018-06-01 19:02,2688518.373,249445.1687
696,1465,696,1HTWGAAT96J346882,2018-06-01 19:03,2688562.607,250044.1327
697,1465,697,1HTWGAAT96J346882,2018-06-01 19:04,2688821.022,250026.1465
698,1465,698,1HTWGAAT96J346882,2018-06-01 19:04,2689020.62,250006.4494
699,1465,699,1HTWGAAT96J346882,2018-06-01 19:04,2689321.897,249960.562
700,1465,700,1HTWGAAT96J346882,2018-06-01 19:05,2689446.759,250485.3464
701,1465,701,1HTWGAAT96J346882,2018-06-01 19:05,2689242.877,250555.9361
702,1465,702,1HTWGAAT96J346882,2018-06-01 19:05,2689277.354,250815.6912
703,1465,703,1HTWGAAT96J346882,2018-06-01 19:06,2689292.396,250972.8375
704,1465,704,1HTWGAAT96J346882,2018-06-01 19:06,2689311.258,250998.8975
705,1465,705,1HTWGAAT96J346882,2018-06-01 19:17,2689970.161,250992.5987
706,1465,706,1HTWGAAT96J346882,2018-06-01 19:17,2690007.14,251070.2091
707,1465,707,1HTWGAAT96J346882,2018-06-01 19:17,2690055.331,251436.0525
708,1465,708,1HTWGAAT96J346882,2018-06-01 19:17,2690127.519,251747.9305
709,1465,709,1HTWGAAT96J346882,2018-06-01 19:18,2690139.58,252007.033
710,1465,710,1HTWGAAT96J346882,2018-06-01 19:18,2690138.836,252032.5218
711,1465,711,1HTWGAAT96J346882,2018-06-01 19:19,2690556.864,252019.2118
712,1465,712,1HTWGAAT96J346882,2018-06-01 19:19,2690593.839,252096.8235
713,1465,713,1HTWGAAT96J346882,2018-06-01 19:19,2690646.308,252411.7717
714,1465,714,1HTWGAAT96J346882,2018-06-01 19:20,2690698.313,252646.5304
715,1465,715,1HTWGAAT96J346882,2018-06-01 19:20,2690780.485,253191.9424
716,1465,716,1HTWGAAT96J346882,2018-06-01 19:20,2690817.174,253375.233
717,1465,717,1HTWGAAT96J346882,2018-06-01 19:21,2690813.452,253502.6776
718,1465,718,1HTWGAAT96J346882,2018-06-01 19:21,2690846.595,253711.375
719,1465,719,1HTWGAAT96J346882,2018-06-01 19:22,2690891.788,254179.1756
720,1465,720,1HTWGAAT96J346882,2018-06-01 19:22,2690963.104,254520.1864
721,1465,721,1HTWGAAT96J346882,2018-06-01 19:22,2690996.244,254728.8842
722,1465,722,1HTWGAAT96J346882,2018-06-01 19:23,2691388.665,254918.9268
723,1465,723,1HTWGAAT96J346882,2018-06-01 19:23,2691096.971,255406.0377
724,1465,724,1HTWGAAT96J346882,2018-06-01 19:23,2690823.791,255835.382
725,1465,725,1HTWGAAT96J346882,2018-06-01 19:23,2690616.581,256117.236
726,1465,726,1HTWGAAT96J346882,2018-06-01 19:24,2690595.492,256167.6418
727,1465,727,1HTWGAAT96J346882,2018-06-01 19:24,2690056.329,256877.1341
728,1465,728,1HTWGAAT96J346882,2018-06-01 19:25,2689874.898,256948.3725
729,1465,729,1HTWGAAT96J346882,2018-06-01 19:25,2689719.015,256816.2721
730,1465,730,1HTWGAAT96J346882,2018-06-01 19:25,2689596.384,256889.2276
731,1465,731,1HTWGAAT96J346882,2018-06-01 19:26,2689308.568,257245.2735
732,1465,732,1HTWGAAT96J346882,2018-06-01 19:26,2689345.538,257322.8829
733,1465,733,1HTWGAAT96J346882,2018-06-01 19:31,2689542.849,257379.6571
734,1466,0,1HTWGAAT96J346882,2018-06-01 19:42,2689542.849,257379.6571
735,1466,1,1HTWGAAT96J346882,2018-06-01 19:42,2689910.273,257080.6022
736,1466,2,1HTWGAAT96J346882,2018-06-01 19:42,2689911.761,257029.6243
737,1466,3,1HTWGAAT96J346882,2018-06-01 19:43,2690429.083,256396.0229
738,1466,4,1HTWGAAT96J346882,2018-06-01 19:43,2690449.427,256371.1063
739,1466,5,1HTWGAAT96J346882,2018-06-01 19:43,2690429.827,256370.5341
740,1466,6,1HTWGAAT96J346882,2018-06-01 19:44,2691300.927,256578.2004
741,1466,7,1HTWGAAT96J346882,2018-06-01 19:45,2691809.137,256928.344
742,1466,8,1HTWGAAT96J346882,2018-06-01 19:45,2692298.478,257252.4359
743,1466,9,1HTWGAAT96J346882,2018-06-01 19:45,2692689.995,257471.6293
744,1466,10,1HTWGAAT96J346882,2018-06-01 19:45,2693138.063,257769.0188
745,1466,11,1HTWGAAT96J346882,2018-06-01 19:46,2693646.863,258097.3528
746,1466,12,1HTWGAAT96J346882,2018-06-01 19:46,2694155.757,258422.0559
747,1466,13,1HTWGAAT96J346882,2018-06-01 19:46,2694626.188,258720.1298
748,1466,14,1HTWGAAT96J346882,2018-06-01 19:46,2694721.829,258803.1155
749,1466,15,1HTWGAAT96J346882,2018-06-01 19:47,2694801.525,258856.4779
750,1466,16,1HTWGAAT96J346882,2018-06-01 19:47,2695115.351,259047.9185
751,1466,17,1HTWGAAT96J346882,2018-06-01 19:48,2695544.512,259319.2867
752,1466,18,1HTWGAAT96J346882,2018-06-01 19:48,2695954.067,259590.0861
753,1466,19,1HTWGAAT96J346882,2018-06-01 19:48,2696229.429,259754.8987
754,1466,20,1HTWGAAT96J346882,2018-06-01 19:48,2696568.191,259764.8721
755,1466,21,1HTWGAAT96J346882,2018-06-01 19:49,2696627.843,259737.4736
756,1466,22,1HTWGAAT96J346882,2018-06-01 19:49,2696627.843,259737.4736
757,1466,23,1HTWGAAT96J346882,2018-06-01 19:50,2696613.738,258884.2669
758,1466,24,1HTWGAAT96J346882,2018-06-01 19:50,2696531.279,258258.6455
759,1466,25,1HTWGAAT96J346882,2018-06-01 19:51,2696515.433,258130.6247
760,1466,26,1HTWGAAT96J346882,2018-06-01 19:51,2696450.758,257662.2366
761,1466,27,1HTWGAAT96J346882,2018-06-01 19:51,2696384.137,257164.6365
762,1466,28,1HTWGAAT96J346882,2018-06-01 19:51,2696300.606,256670.1831
763,1466,29,1HTWGAAT96J346882,2018-06-01 19:52,2696233.872,256176.2248
764,1466,30,1HTWGAAT96J346882,2018-06-01 19:52,2696189.535,255682.9256
765,1466,31,1HTWGAAT96J346882,2018-06-01 19:52,2696158.69,255397.7545
766,1466,32,1HTWGAAT96J346882,2018-06-01 19:52,2696088.198,255031.2402
767,1466,33,1HTWGAAT96J346882,2018-06-01 19:53,2696041.499,254618.0488
768,1466,34,1HTWGAAT96J346882,2018-06-01 19:53,2695993.405,254252.1938
769,1466,35,1HTWGAAT96J346882,2018-06-01 19:53,2695923.656,253860.191
770,1466,36,1HTWGAAT96J346882,2018-06-01 19:53,2695858.204,253417.2936
771,1466,37,1HTWGAAT96J346882,2018-06-01 19:54,2695792.947,252872.359
772,1466,38,1HTWGAAT96J346882,2018-06-01 19:54,2695728.239,252403.9728
773,1466,39,1HTWGAAT96J346882,2018-06-01 19:54,2695678.528,252092.7372
774,1466,40,1HTWGAAT96J346882,2018-06-01 19:54,2695643.371,251858.4621
775,1466,41,1HTWGAAT96J346882,2018-06-01 19:55,2695614.868,251493.1843
776,1466,42,1HTWGAAT96J346882,2018-06-01 19:55,2695568.258,251076.3528
777,1466,43,1HTWGAAT96J346882,2018-06-01 19:56,2695502.236,250556.9076
778,1466,44,1HTWGAAT96J346882,2018-06-01 19:56,2695432.912,250245.0962
779,1466,45,1HTWGAAT96J346882,2018-06-01 19:56,2695367.634,249700.1629
780,1466,46,1HTWGAAT96J346882,2018-06-01 19:56,2695301.408,249282.7556
781,1466,47,1HTWGAAT96J346882,2018-06-01 19:57,2695254.786,248865.9248
782,1466,48,1HTWGAAT96J346882,2018-06-01 19:57,2695169.891,248320.4157
783,1466,49,1HTWGAAT96J346882,2018-06-01 19:57,2695102.908,247928.4978
784,1466,50,1HTWGAAT96J346882,2018-06-01 19:57,2695036.864,247409.054
785,1466,51,1HTWGAAT96J346882,2018-06-01 19:58,2694973.619,246889.6925
786,1466,52,1HTWGAAT96J346882,2018-06-01 19:58,2694890.312,246289.5657
787,1466,53,1HTWGAAT96J346882,2018-06-01 19:58,2694876.798,246081.4385
788,1466,54,1HTWGAAT96J346882,2018-06-01 19:58,2694861.787,245924.2889
789,1466,55,1HTWGAAT96J346882,2018-06-01 19:59,2694812.796,245587.5665
790,1466,56,1HTWGAAT96J346882,2018-06-01 19:59,2694711.366,244935.887
791,1466,57,1HTWGAAT96J346882,2018-06-01 20:00,2694648.104,244416.5268
792,1466,58,1HTWGAAT96J346882,2018-06-01 20:00,2694563.175,243871.0201
793,1466,59,1HTWGAAT96J346882,2018-06-01 20:00,2694545.168,243815.8256
794,1466,60,1HTWGAAT96J346882,2018-06-01 20:01,2694415.076,242802.5124
795,1466,61,1HTWGAAT96J346882,2018-06-01 20:01,2694383.438,242542.8324
796,1466,62,1HTWGAAT96J346882,2018-06-01 20:02,2694235.319,241474.326
797,1466,63,1HTWGAAT96J346882,2018-06-01 20:02,2694183.506,241137.5226
798,1466,64,1HTWGAAT96J346882,2018-06-01 20:02,2694168.485,240980.3736
799,1466,65,1HTWGAAT96J346882,2018-06-01 20:03,2694105.944,240435.5256
800,1466,66,1HTWGAAT96J346882,2018-06-01 20:03,2694056.928,240098.8048
801,1466,67,1HTWGAAT96J346882,2018-06-01 20:03,2694038.356,239967.0623
802,1466,68,1HTWGAAT96J346882,2018-06-01 20:03,2694038.356,239967.0623
803,1466,69,1HTWGAAT96J346882,2018-06-01 20:04,2693955.448,239447.1286
804,1466,70,1HTWGAAT96J346882,2018-06-01 20:04,2693906.533,239106.7668
805,1466,71,1HTWGAAT96J346882,2018-06-01 20:04,2693871.334,238872.4943
806,1466,72,1HTWGAAT96J346882,2018-06-01 20:05,2693752.922,238223.9674
807,1466,73,1HTWGAAT96J346882,2018-06-01 20:05,2693310.748,238287.5443
808,1466,74,1HTWGAAT96J346882,2018-06-01 20:05,2693052.207,238305.4836
809,1466,75,1HTWGAAT96J346882,2018-06-01 20:06,2692941.524,238637.5263
810,1466,76,1HTWGAAT96J346882,2018-06-01 20:06,2693139.618,238672.4812
811,1466,77,1HTWGAAT96J346882,2018-06-01 20:06,2692831.586,238273.5142
812,1466,78,1HTWGAAT96J346882,2018-06-01 20:06,2691931.181,238374.7282
813,1466,79,1HTWGAAT96J346882,2018-06-01 20:07,2691432.122,238465.8304
814,1466,80,1HTWGAAT96J346882,2018-06-01 20:07,2689849.805,238678.4048
815,1466,81,1HTWGAAT96J346882,2018-06-01 20:07,2688988.553,238784.5109
816,1466,82,1HTWGAAT96J346882,2018-06-01 20:07,2688403.806,239026.242
817,1466,83,1HTWGAAT96J346882,2018-06-01 20:08,2688132.733,239379.1488
818,1466,84,1HTWGAAT96J346882,2018-06-01 20:08,2688244.09,239021.596
819,1466,85,1HTWGAAT96J346882,2018-06-01 20:08,2688641.227,238384.4536
820,1466,86,1HTWGAAT96J346882,2018-06-01 20:08,2688723.492,237581.4437
821,1466,87,1HTWGAAT96J346882,2018-06-01 20:09,2688723.492,237581.4437
822,1466,88,1HTWGAAT96J346882,2018-06-01 20:09,2688226.849,235467.843
823,1466,89,1HTWGAAT96J346882,2018-06-01 20:09,2687589.804,234804.2738
824,1466,90,1HTWGAAT96J346882,2018-06-01 20:10,2687020.994,234397.8077
825,1466,91,1HTWGAAT96J346882,2018-06-01 20:10,2686614.717,233996.0706
826,1466,92,1HTWGAAT96J346882,2018-06-01 20:10,2686054.587,233385.7963
827,1466,93,1HTWGAAT96J346882,2018-06-01 20:10,2685572.273,232799.6554
828,1466,94,1HTWGAAT96J346882,2018-06-01 20:11,2685132.611,232192.8935
829,1466,95,1HTWGAAT96J346882,2018-06-01 20:11,2684690.966,231556.9279
830,1466,96,1HTWGAAT96J346882,2018-06-01 20:11,2684153.405,230841.6665
831,1466,97,1HTWGAAT96J346882,2018-06-01 20:11,2683600.714,229969.2742
832,1466,98,1HTWGAAT96J346882,2018-06-01 20:12,2683487.485,229033.053
833,1466,99,1HTWGAAT96J346882,2018-06-01 20:12,2683652.257,228185.0376
834,1466,100,1HTWGAAT96J346882,2018-06-01 20:12,2684209.959,227526.9517
835,1466,101,1HTWGAAT96J346882,2018-06-01 20:12,2684830.353,226739.4953
836,1466,102,1HTWGAAT96J346882,2018-06-01 20:13,2685473.258,225854.3077
837,1466,103,1HTWGAAT96J346882,2018-06-01 20:13,2686015.231,225064.6079
838,1466,104,1HTWGAAT96J346882,2018-06-01 20:13,2686165.122,224733.6718
839,1466,105,1HTWGAAT96J346882,2018-06-01 20:13,2685649.504,224613.0458
840,1466,106,1HTWGAAT96J346882,2018-06-01 20:14,2684817.698,224461.4152
841,1466,107,1HTWGAAT96J346882,2018-06-01 20:14,2683947.614,224177.5102
842,1466,108,1HTWGAAT96J346882,2018-06-01 20:14,2683134.919,223946.3135
843,1466,109,1HTWGAAT96J346882,2018-06-01 20:14,2682165.933,223685.1283
844,1466,110,1HTWGAAT96J346882,2018-06-01 20:15,2681373.567,223429.0659
845,1466,111,1HTWGAAT96J346882,2018-06-01 20:15,2681256.541,223400.1867
846,1466,112,1HTWGAAT96J346882,2018-06-01 20:15,2681256.541,223400.1867
847,1466,113,1HTWGAAT96J346882,2018-06-01 20:15,2681017.719,223313.1379
848,1466,114,1HTWGAAT96J346882,2018-06-01 20:16,2680305.175,223110.428
849,1466,115,1HTWGAAT96J346882,2018-06-01 20:16,2679631.039,222937.9963
850,1466,116,1HTWGAAT96J346882,2018-06-01 20:16,2679155.114,222898.8225
851,1466,117,1HTWGAAT96J346882,2018-06-01 20:16,2678628.254,223167.9637
852,1466,118,1HTWGAAT96J346882,2018-06-01 20:17,2678159.555,223464.2928
853,1466,119,1HTWGAAT96J346882,2018-06-01 20:17,2677916.746,223614.0406
854,1466,120,1HTWGAAT96J346882,2018-06-01 20:17,2678030.63,223850.5398
855,1466,121,1HTWGAAT96J346882,2018-06-01 20:17,2678269.68,223831.8807
856,1466,122,1HTWGAAT96J346882,2018-06-01 20:18,2678427.302,223912.9301
857,1466,123,1HTWGAAT96J346882,2018-06-01 20:18,2678488.373,223838.1507
858,1466,124,1HTWGAAT96J346882,2018-06-01 20:19,2678488.373,223838.1507
